{
  "task": "classification",
  "format": "onnx",
  "preset_name": "default",
  "use_linear": false,
  "n_features_in": 768,
  "classes": [
    0,
    1
  ],
  "params": {
    "C": 1.0,
    "kernel": "rbf",
    "gamma": "scale",
    "class_weight": "balanced",
    "max_iter": 1805,
    "tol": 0.001,
    "random_state": 42,
    "use_linear": false
  },
  "profile": {
    "n_samples": 361,
    "n_features": 768,
    "n_p_ratio": 0.4700520833333333,
    "sparsity": 0.0,
    "is_sparse_counts": false,
    "binary_feature_fraction": 0.0,
    "feature_signal_strength": 0.1546603180503545,
    "feature_signal_p90": 0.2960110478638307,
    "task": "classification",
    "imbalance_ratio": 3.3493975903614457,
    "y_skewness": 0.0,
    "y_all_positive": false
  },
  "portfolio_scores": {
    "heuristic": 0.7895424836601307,
    "default": 0.8091503267973856,
    "linear": 0.7594771241830065,
    "balanced_rbf": 0.8300653594771241
  },
  "decision_cutoff_raw": 0.43671647789922513,
  "decision_cutoff_raw_source": "oof_balanced_accuracy",
  "decision_cutoff_proba": 0.23257166738103574,
  "decision_cutoff_rank": 0.6916666666666667,
  "decision_cutoff_logit": -1.1938466730769428,
  "calibrator": {
    "method": "platt",
    "coef": 5.586740518362334,
    "intercept": -3.6336683151930327
  },
  "ranker": {
    "knots": [
      0.19269405386208918,
      0.21952390282198495,
      0.22462661983570367,
      0.224800356977401,
      0.22534264974584778,
      0.2261170388221188,
      0.2286569451559455,
      0.23060634606745092,
      0.23228579254908657,
      0.2333110236977177,
      0.23354524788896053,
      0.23403201653895983,
      0.23456758890878487,
      0.23650157841521258,
      0.23813241218041567,
      0.23873659960140114,
      0.23924840780135315,
      0.23941876681849708,
      0.2396635230491148,
      0.23990199827094627,
      0.23991187292280686,
      0.24019668886824294,
      0.24041800850933748,
      0.24065866823446022,
      0.24183894171193332,
      0.24186840389054962,
      0.24193982300537165,
      0.24335775520074637,
      0.2435137451099682,
      0.24486805490914054,
      0.24493470621032745,
      0.24562010424640962,
      0.2458605859206389,
      0.24683874711797826,
      0.24735647345333814,
      0.24765294721204145,
      0.24800459490561702,
      0.2486615269130208,
      0.24868761398105038,
      0.2487122631009811,
      0.24886005478066112,
      0.24999082802511277,
      0.25047090786431,
      0.2507782035538996,
      0.25084554999348374,
      0.25120140771230653,
      0.25149527961644835,
      0.25160332292925497,
      0.2527257208121824,
      0.2528525885666044,
      0.25311451878676977,
      0.2532738344530879,
      0.2537990911817182,
      0.25387974928038726,
      0.2542442291902676,
      0.25429659839008706,
      0.25483642808732404,
      0.2561087117717821,
      0.2561959815055281,
      0.25625680889936125,
      0.2566607339304558,
      0.25668865877104796,
      0.25802469817570894,
      0.25804792904821416,
      0.25838115873575446,
      0.25854598041609117,
      0.25887699138706183,
      0.25913377167099216,
      0.2592374387968609,
      0.259315839435385,
      0.2593192866801982,
      0.25948177652378074,
      0.2597094530802339,
      0.26015447562591937,
      0.2603533941952616,
      0.2604556528235173,
      0.2606120260457185,
      0.2612910495821433,
      0.2616805108726277,
      0.26180580818902544,
      0.2619813071371977,
      0.2624027590662848,
      0.26361388781092165,
      0.26505440391896706,
      0.26510972435342056,
      0.2651552711897319,
      0.2652353108807493,
      0.2652992489181393,
      0.26600675963309556,
      0.2661357949556797,
      0.26633739520467464,
      0.2666762647202606,
      0.2672711631406054,
      0.26758793947249626,
      0.26783614777388565,
      0.26825170348323013,
      0.2685945554315882,
      0.2687859388133207,
      0.26922004065517857,
      0.2694155356257262,
      0.2695422350276968,
      0.26967131659601645,
      0.26979339559030724,
      0.2699930412720265,
      0.2701019886576236,
      0.27017927981567796,
      0.27057713083293605,
      0.27069543514613326,
      0.2706962581474209,
      0.27070974695790617,
      0.27104420838576787,
      0.27133843311506384,
      0.2721492986476914,
      0.27246143990373023,
      0.2725710738010641,
      0.2728501889409373,
      0.2728801983858052,
      0.27319772107551105,
      0.273454463172259,
      0.2740400947532112,
      0.2741855722326206,
      0.2748021630553088,
      0.27501158281524085,
      0.2758060011777942,
      0.27691753348620096,
      0.2773056846804706,
      0.27754139230287955,
      0.2781104748352233,
      0.27812176431180036,
      0.2785461972167629,
      0.27868548645414853,
      0.2790280729634864,
      0.2791802425511103,
      0.2795504833050629,
      0.280014637705708,
      0.28036109982411644,
      0.2809701293783194,
      0.2812634286177955,
      0.2817491620096153,
      0.28175511667874226,
      0.2817672700229227,
      0.2818173652571846,
      0.28203536894169806,
      0.28236723938181874,
      0.28258325490107256,
      0.2832578255678869,
      0.2839384553585858,
      0.28453352451611363,
      0.2849402301362825,
      0.2852781190389908,
      0.2853641546084638,
      0.2856385943175984,
      0.28657346974324566,
      0.28671454732126617,
      0.287214178181458,
      0.28722046530592465,
      0.28812141478879444,
      0.2886034296626461,
      0.2886334112227652,
      0.28996763577205503,
      0.2900978414311054,
      0.29010656622844233,
      0.2906856105163212,
      0.2908625823992077,
      0.2912115865607681,
      0.2914776508890766,
      0.2922978640910351,
      0.2923237026576693,
      0.2938662669913697,
      0.29441492641214895,
      0.29459193779068615,
      0.2950259885649568,
      0.2956010841737275,
      0.295796488040422,
      0.296646123563388,
      0.2973383904211671,
      0.299293437319258,
      0.29960024140601266,
      0.29962031229574776,
      0.3001362870431622,
      0.3017094926472589,
      0.3027300594299548,
      0.30300407596036444,
      0.3033683521709616,
      0.30348733035659287,
      0.30442000703383026,
      0.30542281337793264,
      0.30620219214179056,
      0.30650266434609147,
      0.30691736051215956,
      0.30918564711175206,
      0.30934409341664115,
      0.31084010690686714,
      0.3121518150048295,
      0.3124615697538901,
      0.31368728720957895,
      0.3137208685510713,
      0.3149997457659395,
      0.3155091865346821,
      0.3157709944526857,
      0.3195538972388458,
      0.320499052988847,
      0.3210037956039262,
      0.32216611637629006,
      0.3244688665385527,
      0.32478016339756893,
      0.32660553834849826,
      0.3267055421157788,
      0.3269172070966139,
      0.3278357140013638,
      0.3289674774552615,
      0.3317957123546248,
      0.3332814051461206,
      0.3342895199836743,
      0.33443552920080094,
      0.33553097253577663,
      0.33695658774867654,
      0.3372497898876402,
      0.33733615771321207,
      0.3385734637056554,
      0.3387878461984471,
      0.3455941533144066,
      0.3510013988878695,
      0.35100699234395827,
      0.3527115627625724,
      0.3564922271051577,
      0.3566345735676287,
      0.3582331418671449,
      0.35986128220554625,
      0.36148054145252817,
      0.36483380491278017,
      0.36500923263630747,
      0.3688706333509639,
      0.37017451707553756,
      0.37191265392853273,
      0.37310526852709125,
      0.385677650386991,
      0.39516637250899783,
      0.40061036402821926,
      0.40329476922557145,
      0.4062724472793834,
      0.4070260901075103,
      0.41174941391502723,
      0.41971578264942977,
      0.42050572762902244,
      0.4213774447039606,
      0.4213826365299902,
      0.42447401018630854,
      0.4274355770575455,
      0.43671647789922513,
      0.4374970192242327,
      0.44246147477550823,
