{
  "task": "classification",
  "format": "onnx",
  "preset_name": "default",
  "best_iteration": 99,
  "params": {
    "tree_method": "hist",
    "device": "cpu",
    "learning_rate": 0.3,
    "max_depth": 6,
    "min_child_weight": 1,
    "subsample": 1.0,
    "colsample_bytree": 1.0,
    "reg_alpha": 0.0,
    "reg_lambda": 1.0,
    "max_bin": 256,
    "n_estimators": 2000,
    "early_stopping_rounds": 50,
    "nthread": 64,
    "objective": "binary:logistic",
    "scale_pos_weight": 3.3494,
    "eval_metric": "auc"
  },
  "profile": {
    "n_samples": 361,
    "n_features": 768,
    "n_p_ratio": 0.4700520833333333,
    "sparsity": 0.0,
    "is_sparse_counts": false,
    "binary_feature_fraction": 0.0,
    "feature_signal_strength": 0.1546603180503545,
    "feature_signal_p90": 0.2960110478638307,
    "task": "classification",
    "imbalance_ratio": 3.3493975903614457,
    "y_skewness": 0.0,
    "y_all_positive": false
  },
  "portfolio_scores": {
    "flaml": NaN,
    "autogluon": NaN,
    "heuristic": 0.8082788671023966,
    "default": 0.7954248366013071
  },
  "decision_cutoff_raw": 0.06933479756116867,
  "decision_cutoff_raw_source": "oof_balanced_accuracy",
  "decision_cutoff_proba": 0.12258656847069725,
  "decision_cutoff_rank": 0.6861111111111111,
  "decision_cutoff_logit": -1.9681608351490725,
  "calibrator": {
    "method": "platt",
    "coef": 3.3047051250526738,
    "intercept": -2.1972918959939562
  },
  "ranker": {
    "knots": [
      0.00014294248830992728,
      0.0002522199065424502,
      0.0002645004715304822,
      0.0002968266198877245,
      0.0003686300478875637,
      0.00039693660801276565,
      0.00042438326636329293,
      0.0004559613298624754,
      0.0004649156180676073,
      0.0005821596132591367,
      0.0005847936845384538,
      0.0005911483312956989,
      0.000592601194512099,
      0.0005941094714216888,
      0.0005981044378131628,
      0.0006306057330220938,
      0.0006339822430163622,
      0.0006423667655326426,
      0.0007148808217607439,
      0.0007217598031274974,
      0.0007225095760077238,
      0.0007578535005450249,
      0.0007605970604345202,
      0.000783158524427563,
      0.0008014215854927897,
      0.0008114757365547121,
      0.0008298592292703688,
      0.0009013621602207422,
      0.0009017370757646859,
      0.0009177335887216032,
      0.0009268726571463048,
      0.0009306197753176093,
      0.0009441804140806198,
      0.0009461056906729937,
      0.000960131932515651,
      0.000969613844063133,
      0.0009878610726445913,
      0.000994268455542624,
      0.0010230249026790261,
      0.0010285577736794949,
      0.0010518704075366259,
      0.0010650530457496643,
      0.0011095686350017786,
      0.0011210573138669133,
      0.0011535902740433812,
      0.001153868273831904,
      0.001174392644315958,
      0.001181270694360137,
      0.001283337245695293,
      0.0012907302007079124,
      0.0013114891480654478,
      0.001313022687099874,
      0.0013742978917434812,
      0.001401693094521761,
      0.0014583735028281808,
      0.001464506727643311,
      0.0014666476054117084,
      0.0014719959581270814,
      0.001507904496975243,
      0.0015591304982081056,
      0.0016056670574471354,
      0.0016168308211490512,
      0.001640097121708095,
      0.001698181382380426,
      0.0018044465687125921,
      0.0018078878056257963,
      0.0018207532120868564,
      0.001821910496801138,
      0.0018772556213662028,
      0.0019466958474367857,
      0.0019474307773634791,
      0.0019515824969857931,
      0.001979601802304387,
      0.0020159061532467604,
      0.0020216077100485563,
      0.002051430521532893,
      0.002057659439742565,
      0.0020645151380449533,
      0.0021884983871132135,
      0.00221039867028594,
      0.0022318901028484106,
      0.002244367729872465,
      0.002248853910714388,
      0.002324972301721573,
      0.0023476488422602415,
      0.0023887702263891697,
      0.0024127638898789883,
      0.0024363757111132145,
      0.00246789981611073,
      0.0024815849028527737,
      0.0025028083473443985,
      0.0025176338385790586,
      0.0025430070236325264,
      0.002549532102420926,
      0.0025682025589048862,
      0.002578144893050194,
      0.0026272283867001534,
      0.002811309415847063,
      0.002991451881825924,
      0.0030454827938228846,
      0.0030473903752863407,
      0.0032316334545612335,
      0.00323898671194911,
      0.0032670176587998867,
      0.003353254171088338,
      0.0033619937021285295,
      0.003370725316926837,
      0.0033764936961233616,
      0.00338407582603395,
      0.0034176656045019627,
      0.0035003700759261847,
      0.0036919775884598494,
      0.0037291827611625195,
      0.003813265822827816,
      0.003908399026840925,
      0.003941407892853022,
      0.003982477821409702,
      0.0039863064885139465,
      0.003999523818492889,
      0.004044618457555771,
      0.00405467115342617,
      0.004117500968277454,
      0.004184455145150423,
      0.00422248337417841,
      0.004239480942487717,
      0.004300796892493963,
      0.00434077437967062,
      0.00445180619135499,
      0.004460908938199282,
      0.004577626008540392,
      0.004599459934979677,
      0.004833601415157318,
      0.004954991862177849,
      0.005223087966442108,
      0.005295601673424244,
      0.005335185676813126,
      0.0053809527307748795,
      0.005726862698793411,
      0.005749077070504427,
      0.005995940417051315,
      0.006059348117560148,
      0.006068829912692308,
      0.006076300982385874,
      0.006315525621175766,
      0.006410514935851097,
      0.0064895423129200935,
      0.006645238026976585,
      0.006649265065789223,
      0.006686519831418991,
      0.006716763600707054,
      0.00697061512619257,
      0.007326037622988224,
      0.007686382159590721,
      0.008140302263200283,
      0.008281989954411983,
      0.008343649096786976,
      0.008734358474612236,
      0.008769205771386623,
      0.008866555988788605,
      0.00888520572334528,
      0.009086359292268753,
      0.00919546652585268,
      0.009249567985534668,
      0.009269357658922672,
      0.009342332370579243,
      0.009657447226345539,
      0.009917892515659332,
      0.010110597126185894,
      0.010150955058634281,
      0.01029365323483944,
      0.010507597588002682,
      0.010928964242339134,
      0.010950262658298016,
      0.011354571208357811,
      0.011817808263003826,
      0.011864357627928257,
      0.012249442748725414,
      0.012275733053684235,
      0.012454544194042683,
      0.01246979646384716,
      0.012498760595917702,
      0.012768007814884186,
      0.013096490874886513,
      0.013373848050832748,
      0.01361411064863205,
      0.013862201012670994,
      0.014151275157928467,
      0.014401422813534737,
      0.01456912700086832,
      0.01483490876853466,
      0.015391912311315536,
      0.015435251407325268,
      0.015604017302393913,
      0.015776563435792923,
      0.01591557450592518,
      0.016034811735153198,
      0.01649174839258194,
      0.016560832038521767,
      0.01662699691951275,
      0.016767989844083786,
      0.017254536971449852,
      0.017682762816548347,
      0.01809374801814556,
      0.018877863883972168,
      0.01940694823861122,
      0.019511720165610313,
      0.02031944878399372,
      0.02086634561419487,
      0.02133338712155819,
      0.022204598411917686,
      0.02241027168929577,
      0.022464942187070847,
      0.02263941615819931,
      0.02265079692006111,
      0.023797275498509407,
      0.025532491505146027,
      0.025798654183745384,
      0.02600771375000477,
      0.02712114155292511,
      0.02712523564696312,
      0.028808891773223877,
      0.02935580536723137,
      0.03032268024981022,
      0.030619991943240166,
      0.03065633773803711,
      0.031077003106474876,
      0.03134314343333244,
      0.03147544339299202,
      0.031833209097385406,
      0.03202676400542259,
      0.032796915620565414,
