{
    "portfolio": [
        "lr",
        "xgb",
        "rf",
        "svc"
    ],
    "max_batch_size": 100000,
    "max_imbalance_ratio": 100,
    "num_batches": 1,
    "population_prior": 0.21557719054242003,
    "batch_priors": [
        0.21557719054242003
    ],
    "decision_cutoff_raw": 0.31936136780131585,
    "decision_cutoff_proba": 0.19783837285854472,
    "decision_cutoff_rank": 0.7305013927576601,
    "decision_cutoff_logit": -1.399859719016502,
    "decision_cutoff_lift": 0.91771477474383
}