{
  "task": "classification",
  "format": "onnx",
  "preset_name": "default",
  "use_linear": false,
  "n_features_in": 162,
  "classes": [
    0,
    1
  ],
  "params": {
    "C": 1.0,
    "kernel": "rbf",
    "gamma": "scale",
    "class_weight": "balanced",
    "max_iter": 2950,
    "tol": 0.001,
    "random_state": 42,
    "use_linear": false
  },
  "profile": {
    "n_samples": 590,
    "n_features": 162,
    "n_p_ratio": 3.6419753086419755,
    "sparsity": 0.4591337099811676,
    "is_sparse_counts": false,
    "binary_feature_fraction": 0.13580246913580246,
    "feature_signal_strength": 0.11872604778971582,
    "feature_signal_p90": 0.25556256977323877,
    "task": "classification",
    "imbalance_ratio": 9.0,
    "y_skewness": 0.0,
    "y_all_positive": false
  },
  "portfolio_scores": {
    "heuristic": 0.9061728395061729,
    "default": 0.905679012345679,
    "linear": 0.917037037037037,
    "balanced_rbf": 0.9061728395061729
  },
  "decision_cutoff_raw": 0.731012066474972,
  "decision_cutoff_raw_source": "oof_balanced_accuracy",
  "decision_cutoff_proba": 0.10065273354881181,
  "decision_cutoff_rank": 0.44482173174872663,
  "decision_cutoff_logit": -2.189992930025815,
  "calibrator": {
    "method": "platt",
    "coef": 0.434971046507984,
    "intercept": -2.5079620135903977
  },
  "ranker": {
    "knots": [
      0.24842382156448595,
      0.2544379885203253,
      0.25643186653846917,
      0.2592456174963769,
      0.262168163299561,
      0.26416484116162314,
      0.26449316651892624,
      0.26524931003976165,
      0.2652622349184247,
      0.2667271543863039,
      0.2677331814107818,
      0.2686897186386957,
      0.26894273192228246,
      0.2695868109032861,
      0.2703625296572985,
      0.2707030841483947,
      0.27226198073221186,
      0.2735229005316494,
      0.282568906282611,
      0.2951802104323343,
      0.36235871331826375,
      0.43697704189894354,
      0.5173924081591043,
      0.5882922289220824,
      0.6366186029889614,
      0.6704455799288304,
      0.6894804163207502,
      0.6961191511933719,
      0.7205594478332209,
      0.7309905518030791,
      0.7309910547498392,
      0.730993200939077,
      0.7309934031796445,
      0.7309942775804145,
      0.7309955980863999,
      0.7309959117693584,
      0.7309960300037297,
      0.730996208886072,
      0.7309963749730325,
      0.7309964922934893,
      0.7309967099916471,
      0.730996750501985,
      0.7309969537799945,
      0.730996964425039,
      0.7309969727108134,
      0.7309970951176135,
      0.7309971410395513,
      0.7309974152157858,
      0.7309974274344174,
      0.7309974856394567,
      0.7309976009812363,
      0.7309976892211538,
      0.7309977885052591,
      0.7309978890309176,
      0.7309979456702251,
      0.7309980524041005,
      0.730998397026565,
      0.7309985191966888,
      0.7309986113092257,
      0.7309987811808496,
      0.7309989705638865,
      0.7309990026117704,
      0.7309990139416981,
      0.7309991422581863,
      0.730999237959303,
      0.7309996050967797,
      0.7309996189987276,
      0.7309996548661845,
      0.7309996570243658,
      0.731000152084962,
      0.7310001664442036,
      0.7310005728215851,
      0.7310007604029337,
      0.7310008669370067,
      0.7310009935957019,
      0.7310009987201366,
      0.731001014270024,
      0.7310010798336759,
      0.731001243750001,
      0.7310012714024577,
      0.7310013600322489,
      0.7310015323348774,
      0.731001581642756,
      0.7310016458044557,
      0.7310017477437151,
      0.7310017765268724,
      0.7310017942851637,
      0.7310018869151002,
      0.7310023170919426,
      0.731002427837688,
      0.7310024358113668,
      0.7310025180241273,
      0.7310026393686184,
      0.7310027508518366,
      0.7310028930593094,
      0.7310029075783109,
      0.73100294225007,
      0.7310031529599605,
      0.7310033072716187,
      0.731003545441388,
      0.73100358543977,
      0.731003630286351,
      0.7310038910253839,
      0.7310040379014007,
      0.7310040782758953,
      0.7310041564979208,
      0.7310042841409368,
      0.7310043278674833,
      0.7310043616163237,
      0.7310044220376739,
      0.7310044755897482,
      0.7310045979621245,
      0.7310046122601044,
      0.7310046185664012,
      0.7310047036278005,
      0.7310047340218219,
      0.7310047924528402,
      0.7310048582504365,
      0.7310048790030321,
      0.7310049338825524,
      0.7310051712436832,
      0.7310052084325632,
      0.7310052270013994,
      0.7310052774401001,
      0.7310054500090182,
      0.731005498476352,
      0.7310055144482648,
      0.7310055740625881,
      0.7310056093509,
      0.7310056389396229,
      0.7310058481133166,
      0.731005908080322,
      0.7310059144680359,
      0.731005945791532,
      0.7310059563728176,
      0.7310059905607763,
      0.7310061255451431,
      0.731006138278897,
      0.7310061606142001,
      0.7310063096107902,
      0.7310063131545443,
      0.7310063238912863,
      0.7310065222055053,
      0.7310065319128602,
      0.7310065444023593,
      0.7310066004514613,
      0.7310066289454552,
      0.7310068021633652,
      0.7310068800469495,
      0.7310069011186533,
      0.731006932962503,
      0.7310069593942526,
      0.7310074052013441,
      0.7310074262106762,
      0.7310074995612662,
      0.7310076136961239,
      0.7310076783272673,
      0.7310077021932637,
      0.7310077136145742,
      0.7310077411344975,
      0.7310078430967767,
      0.7310078498895175,
      0.7310078563703404,
      0.7310078743805011,
      0.7310079657728362,
      0.7310080462479474,
      0.7310080613744829,
      0.7310080807985039,
      0.7310081532258651,
      0.7310082760856342,
      0.7310084060928767,
      0.7310084407962497,
      0.731008472015962,
      0.7310085017062223,
      0.7310085436227266,
      0.7310085874717874,
      0.7310085929978176,
      0.7310085974552558,
      0.7310086171343699,
      0.7310087439808531,
      0.7310087444684737,
      0.7310087499598313,
      0.7310087589254272,
      0.7310087879341759,
      0.7310087879341759,
      0.7310087909884082,
      0.7310088354194655,
      0.7310088408002566,
      0.7310088851913281,
      0.7310089790069906,
      0.7310089887022665,
      0.731008995504714,
      0.7310090619157721,
      0.7310091023515319,
      0.7310091077907641,
      0.7310092060003336,
      0.7310092268584082,
      0.7310092516995228,
      0.7310092523484109,
      0.7310093280535311,
      0.7310093498327497,
      0.7310093540926771,
      0.7310093882187879,
      0.7310094459562052,
      0.7310094551214837,
      0.731009516629029,
      0.7310095295587636,
      0.7310095296574984,
      0.7310095759612292,
      0.7310095794973456,
      0.7310095852328636,
      0.7310096055104286,
      0.7310096745162382,
      0.7310097130714798,
      0.7310098650823693,
      0.731009872184501,
      0.7310099099495284,
      0.731009977705524,
      0.7310099913777449,
      0.7310100954576213,
      0.7310101443929419,
      0.7310101487973628,
      0.7310101520639026,
      0.7310102418617929,
      0.7310103290374942,
      0.7310103539276233,
      0.7310103663798354,
      0.7310103994510528,
      0.7310103999359797,
      0.7310104471107016,
      0.7310106341985669,
      0.731010705959437,
      0.7310107081089716,
      0.7310107329773544,
      0.7310107419320884,
      0.7310108001580827,
      0.7310108412451761,
      0.7310108941584731,
      0.7310110445031166,
      0.7310110515110815,
      0.7310110662386357,
      0.7310111454993269,
      0.731011164771606,
      0.7310111717271539,
      0.7310111902272222,
      0.7310112163117211,
      0.7310112165448411,
      0.73101125872435,
      0.7310113737103896,
      0.7310114175282846,
      0.7310114903975753,
      0.7310115276445507,
      0.7310116343368258,
      0.7310116833929216,
      0.7310118057988891,
      0.7310118942647942,
      0.731011904808394,
