{
  "task": "classification",
  "format": "onnx",
  "preset_name": "default",
  "best_iteration": 99,
  "params": {
    "tree_method": "hist",
    "device": "cpu",
    "learning_rate": 0.3,
    "max_depth": 6,
    "min_child_weight": 1,
    "subsample": 1.0,
    "colsample_bytree": 1.0,
    "reg_alpha": 0.0,
    "reg_lambda": 1.0,
    "max_bin": 256,
    "n_estimators": 2000,
    "early_stopping_rounds": 50,
    "nthread": 64,
    "objective": "binary:logistic",
    "scale_pos_weight": 9.0,
    "eval_metric": "auc"
  },
  "profile": {
    "n_samples": 590,
    "n_features": 162,
    "n_p_ratio": 3.6419753086419755,
    "sparsity": 0.4591337099811676,
    "is_sparse_counts": false,
    "binary_feature_fraction": 0.13580246913580246,
    "feature_signal_strength": 0.11872604778971582,
    "feature_signal_p90": 0.25556256977323877,
    "task": "classification",
    "imbalance_ratio": 9.0,
    "y_skewness": 0.0,
    "y_all_positive": false
  },
  "portfolio_scores": {
    "flaml": NaN,
    "heuristic": 0.9875522138680033,
    "default": 0.9823725981620718,
    "autogluon": 0.9791144527986634
  },
  "decision_cutoff_raw": 0.07553817331790924,
  "decision_cutoff_raw_source": "oof_balanced_accuracy",
  "decision_cutoff_proba": 0.027468579045755944,
  "decision_cutoff_rank": 0.8862478777589134,
  "decision_cutoff_logit": -3.5668596131593238,
  "calibrator": {
    "method": "platt",
    "coef": 5.533159501794046,
    "intercept": -3.984824374601479
  },
  "ranker": {
    "knots": [
      5.206474816077389e-05,
      5.5367356253555045e-05,
      6.131564441602677e-05,
      6.64338149363175e-05,
      6.991015834501013e-05,
      7.446499512298033e-05,
      7.447003736160696e-05,
      7.46149817132391e-05,
      7.5839641795028e-05,
      7.728939817752689e-05,
      7.84104413469322e-05,
      7.96850144979544e-05,
      8.042888657655567e-05,
      8.044437709031627e-05,
      8.059717947617173e-05,
      8.206921484088525e-05,
      8.409662405028939e-05,
      8.45473914523609e-05,
      8.576233813073486e-05,
      8.57882623677142e-05,
      8.600344153819606e-05,
      8.807720587356016e-05,
      8.911440090741962e-05,
      9.125333599513397e-05,
      9.189709089696407e-05,
      9.236201003659517e-05,
      9.395011875312775e-05,
      9.659533679950982e-05,
      9.660684736445546e-05,
      9.786750160856172e-05,
      0.00010204429418081418,
      0.00010247999307466671,
      0.00010299157293047756,
      0.00010313496022718027,
      0.0001052746592904441,
      0.00010562659736024216,
      0.00010926857066806406,
      0.00010999513324350119,
      0.0001133755940827541,
      0.00011396242189221084,
      0.00011410051956772804,
      0.00011519363761181012,
      0.00011537447426235303,
      0.00011552825890248641,
      0.00011669802916003391,
      0.0001169613897218369,
      0.00011730193364201114,
      0.00011828430433524773,
      0.0001228703185915947,
      0.00012406814494170249,
      0.00012672724551521242,
      0.00012824129953514785,
      0.0001289343199459836,
      0.00012931822857353836,
      0.0001312289823545143,
      0.00013175760977901518,
      0.00013204298738855869,
      0.00013225444126874208,
      0.0001325608609477058,
      0.00013604840205516666,
      0.00013613223563879728,
      0.000137731694849208,
      0.00013796225539408624,
      0.00013799304724670947,
      0.00013807583309244365,
      0.00013807583309244365,
      0.00013984754332341254,
      0.0001399676111759618,
      0.00014185688633006066,
      0.0001425773953087628,
      0.00014265217760112137,
      0.00014265476784203202,
      0.00014289941464085132,
      0.00014399984502233565,
      0.00014418986393138766,
      0.0001444805384380743,
      0.0001485257234890014,
      0.0001487909466959536,
      0.00015146061195991933,
      0.00015176506713032722,
      0.0001521680533187464,
      0.00015692309534642845,
      0.00015721035015303642,
      0.00015745637938380241,
      0.00015798109234310687,
      0.0001586902217241004,
      0.00015942945901770145,
      0.00015972813707776368,
      0.00016035961743909866,
      0.00016144555411301553,
      0.00016203714767470956,
      0.00016268195759039372,
      0.0001638175017433241,
      0.00016385185881517828,
      0.00016453540592920035,
      0.00016463978681713343,
      0.00016483313811477274,
      0.00016539804346393794,
      0.00016626264550723135,
      0.0001668927288847044,
      0.00016701960703358054,
      0.0001678962289588526,
      0.00016887305537238717,
      0.00016979128122329712,
      0.00016984973626676947,
      0.000170897226780653,
      0.0001711778895696625,
      0.00017151772044599056,
      0.00017172947991639376,
      0.00017242961621377617,
      0.00017302681226283312,
      0.0001738407590892166,
      0.00017866099369712174,
      0.0001794261479517445,
      0.00018139924213755876,
      0.00018366877338849008,
      0.00018422109133098274,
      0.00018442494911141694,
      0.00018536671996116638,
      0.00018568620726000518,
      0.00018668195116333663,
      0.0001867059909272939,
      0.0001875338493846357,
      0.0001876628230093047,
      0.00018807212472893298,
      0.00018818082753568888,
      0.0001888143888209015,
      0.00018896223627962172,
      0.0001894782471936196,
      0.00019091418653260916,
      0.00019118140335194767,
      0.00019270316988695413,
      0.00019341371080372483,
      0.00019379529112484306,
      0.00019424722995609045,
      0.00019440712640061975,
      0.00019512321159709245,
      0.00019834545673802495,
      0.00019925303058698773,
      0.0002000641979975626,
      0.00020090358157176524,
      0.00020219170255586505,
      0.00020628336642403156,
      0.00020801772188860923,
      0.00021196395391598344,
      0.0002127175102941692,
      0.00021288265998009592,
      0.00021440513955894858,
      0.00021734331676270813,
      0.00021983867918606848,
      0.00022087110846769065,
      0.0002231849211966619,
      0.00022509160044137388,
      0.00022605041158385575,
      0.00022631630417890847,
      0.00022710462508257478,
      0.0002274494181619957,
      0.00022760537103749812,
      0.00022833723051007837,
      0.00023002350644674152,
      0.00023046847491059452,
      0.00023050759045872837,
      0.0002323935041204095,
      0.0002345686370972544,
      0.00023461179807782173,
      0.00023462141689378768,
      0.00023546584998257458,
      0.00023562845308333635,
      0.0002378444914938882,
      0.00024238068726845086,
      0.00024339641095139086,
      0.0002509655896574259,
      0.0002513619256205857,
      0.0002518659457564354,
      0.00025274662766605616,
      0.00025459926109761,
      0.00025469952379353344,
      0.00025981286307796836,
      0.00026072331820614636,
      0.0002615085104480386,
      0.0002628771762829274,
      0.0002633731346577406,
      0.00026462259120307863,
      0.0002664369822014123,
      0.0002674004645086825,
      0.00026773542049340904,
      0.000271053024334833,
      0.0002716490998864174,
      0.00027272242004983127,
      0.00027300286456011236,
      0.0002730635169427842,
      0.00027843654970638454,
      0.0002821924863383174,
      0.0002850506571121514,
      0.0002851210592780262,
      0.0002861801767721772,
      0.0002908748865593225,
      0.0002909791946876794,
      0.000291388132609427,
      0.00029515937785618007,
      0.00030388060258701444,
      0.0003039147995878011,
      0.00030600291211158037,
      0.0003075682616326958,
      0.0003118778404314071,
      0.0003123908827546984,
      0.000312639691401273,
      0.0003143036738038063,
      0.0003161679196637124,
      0.0003211651637684554,
      0.00032149170874617994,
      0.0003224758547730744,
      0.0003239573852624744,
      0.0003266393905505538,
      0.0003326033183839172,
      0.00033358586370013654,
      0.00033461497514508665,
      0.0003358221729286015,
      0.00033724799868650734,
      0.00034201977541670203,
