{
  "mode": "slow",
  "descriptor_types": [
    "chemeleon",
    "morgan",
    "clamp"
  ],
  "n_compounds": 5396,
  "n_actives": 1067,
  "ratio_actives": 0.19773906597479615,
  "population_prior": 0.19773906597479615,
  "portfolio": [
    "xgb",
    "rf"
  ],
  "num_batches": {
    "chemeleon": 1,
    "morgan": 1,
    "clamp": 1
  },
  "decision_cutoff_raw": 0.18473323133788125,
  "decision_cutoff_proba": 0.227590588392102,
  "decision_cutoff_rank": 0.6925548347235093,
  "oof_aucs": {
    "chemeleon": 0.9096284663294973,
    "morgan": 0.9154111576791988,
    "clamp": 0.8913129840964893
  },
  "proxy_aucs": {
    "chemeleon": 0.7418530202035357,
    "morgan": 0.7608090030770444,
    "clamp": 0.7539619137557282
  },
  "train_aucs": {
    "chemeleon": 1.0,
    "morgan": 0.9999463092246598,
    "clamp": 0.999999891752469
  },
  "quality_aucs": {
    "chemeleon": 0.8192569326589947,
    "morgan": 0.8308760061337378,
    "clamp": 0.7826260764405096
  },
  "active_descriptors": {
    "chemeleon": true,
    "morgan": true,
    "clamp": true
  },
  "ad_hard_cutoffs": {
    "chemeleon": 0.05000000074505806,
    "morgan": 0.05000000074505806,
    "clamp": 0.05000000074505806
  },
  "rank_error_curves": {
    "chemeleon": [
      [
        0.0,
        0.036388143160723245,
        0.06923939099904211,
        0.09703205162455067,
        0.12266515685413128,
        0.1491883187422803,
        0.17687553704333697,
        0.2077202440127433,
        0.23828702746101252,
        0.27217495894457533,
        0.31520639793031985,
        0.3649598585872803,
        0.4295588976149156,
        0.5145741576352081,
        0.6102987086139536,
        0.7344648591856904,
        0.9645377299881952,
        0.9821856048405473,
        0.9915377454927058,
        1.0
      ],
      [
        0.0007202927796070726,
        0.003928470629564419,
        0.0061761630457265945,
        0.008063856041114738,
        0.009405032872104627,
        0.010573032791229441,
        0.011756929551548627,
        0.014714467455069824,
        0.017745911826726978,
        0.021955984424826932,
        0.028798049718932624,
        0.037363717057823036,
        0.05230862436312683,
        0.0827135180938432,
        0.1544961656895665,
        0.29702974164746154,
        0.1585483005661686,
        0.12858665258681834,
        0.08871640466753927,
        0.08227583364571865
      ]
    ],
    "morgan": [
      [
        0.027934154853980396,
        0.07444216026103406,
        0.11018507936783858,
        0.1422694017555722,
        0.1689591048937461,
        0.196284303782859,
        0.22148761831518624,
        0.25305782113959047,
        0.28783149864780233,
        0.3260235078468812,
        0.3653825343945456,
        0.4191950908226244,
        0.48617004979748135,
        0.5577227852978291,
        0.646792022437152,
        0.7637578606385184,
        0.9289456561396496,
        0.9547128146570039,
        0.975297142060296,
        0.9998471200831469
      ],
      [
        0.0022904484137349318,
        0.006396091825964806,
        0.008838593922785663,
        0.010905724229603194,
        0.012700353375967886,
        0.015337332611290532,
        0.01699422320073109,
        0.020455809876472317,
        0.025092927618439648,
        0.03285565152306843,
        0.04324356924054287,
        0.05574830493873618,
        0.07676387655498164,
        0.10640393231651084,
        0.1620136131219643,
        0.33539567515938573,
        0.275662254959018,
        0.1832676516256727,
        0.11351026947616555,
        0.061478909987984824
      ]
    ],
    "clamp": [
      [
        0.0005537649380256139,
        0.03471794094919284,
        0.06078599680164455,
        0.08624258679371988,
        0.11249575858909455,
        0.13604808413003822,
        0.16546663446676266,
        0.19254908481082586,
        0.22350918528865577,
        0.2569358190606908,
        0.29593498619729997,
        0.34346081569767506,
        0.4009773032376427,
        0.4774773717136418,
        0.6056339287387267,
        0.7443420159385163,
        0.9751913400736654,
        0.9856426551178368,
        0.9920173575244721,
        0.9999532647872692
      ],
      [
        0.004661951968828035,
        0.00824859533549478,
        0.0090230922989359,
        0.009719872831310195,
        0.011000392953586367,
        0.012701573805374147,
        0.015476776211358822,
        0.018236441794928827,
        0.021747724682285575,
        0.0258508962667153,
        0.032475474771075125,
        0.039600725094209754,
        0.05174213153164597,
        0.07125267868557801,
        0.14111516081114114,
        0.3074815513529284,
        0.22238987346779296,
        0.1461230441477512,
        0.11077368003867455,
        0.059764298969344924
      ]
    ]
  },
  "decision_cutoff_logit": -1.2219663855000231,
  "decision_cutoff_lift": 1.1509642127120734
}