{
    "portfolio": [
        "xgb",
        "rf",
        "svc"
    ],
    "max_batch_size": 100000,
    "max_imbalance_ratio": 100,
    "num_batches": 1,
    "population_prior": 0.1,
    "batch_priors": [
        0.1
    ],
    "decision_cutoff_raw": 0.23701529532787022,
    "decision_cutoff_proba": 0.09251528448302698,
    "decision_cutoff_rank": 0.8681380871533673,
    "decision_cutoff_logit": -2.283302855069144,
    "decision_cutoff_lift": 0.9251528448302698
}