{
  "task": "classification",
  "format": "onnx",
  "preset_name": "default",
  "use_linear": false,
  "n_features_in": 160,
  "classes": [
    0,
    1
  ],
  "params": {
    "C": 1.0,
    "kernel": "rbf",
    "gamma": "scale",
    "class_weight": "balanced",
    "max_iter": 2950,
    "tol": 0.001,
    "random_state": 42,
    "use_linear": false
  },
  "profile": {
    "n_samples": 590,
    "n_features": 160,
    "n_p_ratio": 3.6875,
    "sparsity": 0.4971927966101695,
    "is_sparse_counts": false,
    "binary_feature_fraction": 0.175,
    "feature_signal_strength": 0.0727809145965164,
    "feature_signal_p90": 0.1500671536915416,
    "task": "classification",
    "imbalance_ratio": 9.0,
    "y_skewness": 0.0,
    "y_all_positive": false
  },
  "portfolio_scores": {
    "heuristic": 0.9609876543209878,
    "default": 0.971358024691358,
    "linear": 0.9437037037037036,
    "balanced_rbf": 0.9609876543209878
  },
  "decision_cutoff_raw": 0.4773838388954644,
  "decision_cutoff_raw_source": "oof_balanced_accuracy",
  "decision_cutoff_proba": 0.16489581351030091,
  "decision_cutoff_rank": 0.8675721561969439,
  "decision_cutoff_logit": -1.6222426501146279,
  "calibrator": {
    "method": "platt",
    "coef": 6.792634167295179,
    "intercept": -4.864936425110496
  },
  "ranker": {
    "knots": [
      0.09692773660559806,
      0.11441052495821728,
      0.11447345337683722,
      0.11834384150331856,
      0.12237737248516843,
      0.12612584668267673,
      0.1280772030690754,
      0.1295753055824544,
      0.12983613775748196,
      0.13719349771609005,
      0.13793052572424866,
      0.1401684923042753,
      0.141549120818113,
      0.1434021342698846,
      0.14662576614643316,
      0.14950348394243784,
      0.14951063218475003,
      0.15051095077437612,
      0.15114500673679013,
      0.15148231147396762,
      0.15317551744863261,
      0.15334773826298295,
      0.154620852902182,
      0.15542298990269182,
      0.15595792798832026,
      0.1568245708505704,
      0.1574009469676809,
      0.15800218142191313,
      0.1589923316240481,
      0.15965584427458718,
      0.16144926393886808,
      0.16220110365888832,
      0.16281669615704064,
      0.16368296070438046,
      0.1638086251022112,
      0.16478578216615983,
      0.1653234164681951,
      0.16594507152944526,
      0.16619349202537473,
      0.16670877138674584,
      0.16749602029771807,
      0.16767514062764155,
      0.16767696364471552,
      0.16780063612202095,
      0.16912100206890693,
      0.16958184035292506,
      0.16963623876616254,
      0.1696674771999023,
      0.17224020123957595,
      0.1745347743437956,
      0.1755650029230205,
      0.17581846808859555,
      0.176377781256401,
      0.17658875762321705,
      0.1775891613415895,
      0.17867507065820604,
      0.1788503491926757,
      0.17923554214251325,
      0.17943246813017738,
      0.1794554416389628,
      0.17951973349613906,
      0.1805702346642397,
      0.18167780454706992,
      0.1820627161604938,
      0.18287545769615923,
      0.18331675871349074,
      0.1834792385210752,
      0.18368832733234264,
      0.18617704876990046,
      0.18688654320829648,
      0.18728057631339498,
      0.18745453686036362,
      0.18780624050877587,
      0.18820351860883372,
      0.18869807643523845,
      0.1887400106899562,
      0.1892277109575686,
      0.18934353942652116,
      0.1898923715090455,
      0.19017910934738835,
      0.19083697348687234,
      0.19159203245239934,
      0.192009851212828,
      0.19211271807107289,
      0.1921421993042857,
      0.19222645342967123,
      0.19223018339020262,
      0.19298416648207461,
      0.19385666299993362,
      0.19407472595501699,
      0.19522756601830224,
      0.19556893223642133,
      0.19622598520584444,
      0.19652878591699519,
      0.19705866732724056,
      0.19722504292548756,
      0.197620182173083,
      0.19791660037277883,
      0.1981209344357832,
      0.19830869218479552,
      0.19899185601388397,
      0.19983557909020908,
      0.1998545439523398,
      0.2005590407252507,
      0.20132152460296915,
      0.2014909377094895,
      0.20194589785086187,
      0.20236582143383722,
      0.20264154027810627,
      0.2029436067067795,
      0.20337549334863253,
      0.2041854567148346,
      0.20467766460306452,
      0.2049733933567365,
      0.2049854586461953,
      0.20512268421372423,
      0.20519193912456807,
      0.20559226087630456,
      0.2056590594792745,
      0.20597286973404744,
      0.20647911411685477,
      0.2066394583311518,
      0.20743093404748547,
      0.2077964016563997,
      0.20824005886004807,
      0.2084927737119697,
      0.20902537761733178,
      0.20912783256321266,
      0.2092851018895994,
      0.20936407527457318,
      0.2097721838038897,
      0.21024720166300429,
      0.21029242271135828,
      0.2109854297218373,
      0.2113066286115855,
      0.21187976062299382,
      0.21201825092578372,
      0.2142368634171067,
      0.214574220835923,
      0.2146936914746397,
      0.21482845663520092,
      0.21486761113593517,
      0.21498636345267796,
      0.21499238893000397,
      0.2152103277337806,
      0.21535865833053383,
      0.21550743533296707,
      0.2156623659426273,
      0.21573558365947554,
      0.2159960765871014,
      0.21607585197688492,
      0.21646676664483822,
      0.2166076080659455,
      0.21693051979857259,
      0.2174405417548787,
      0.21838473292723046,
      0.2186028062882073,
      0.2188281220584507,
      0.21897008017341382,
      0.21898085209852872,
      0.2190860556223781,
      0.21920373298873652,
      0.21931999729616805,
      0.21985654635342097,
      0.2213646141035317,
      0.22137008361018204,
      0.22138535019329583,
      0.22240884634913066,
      0.22265428487187788,
      0.22342511221715985,
      0.2242572151370685,
      0.22455197729269374,
      0.22480382200591312,
      0.22519773925832876,
      0.2252052540844972,
      0.2252052540844972,
      0.22592854751023775,
      0.22663217022188092,
      0.2268008574926221,
      0.22697215492760187,
      0.2269939179275234,
      0.2272420792792559,
      0.22781946625731808,
      0.22795934633787937,
      0.22800700595190052,
      0.2281162280071336,
      0.22823080765110773,
      0.22892155908714762,
      0.22941899281228045,
      0.22946192089164374,
      0.23001816340936415,
      0.23006783266849973,
      0.2304401095567764,
      0.23153835338788287,
      0.23195361255991206,
      0.23200238014123883,
      0.23238116427501665,
      0.2324035809691884,
      0.23269477298713095,
      0.23270950070581545,
      0.23274890275987056,
      0.23313832177774146,
      0.23355221721498443,
      0.2346235589943028,
      0.23489505213334175,
      0.23520765689439913,
      0.2352804255863519,
      0.23535534040639314,
      0.23538157468270868,
      0.23554427442577655,
      0.23609641637723902,
      0.23663736754139958,
      0.23694688306013584,
      0.23706019925839078,
      0.2371670778777391,
      0.23763339809585055,
      0.23767689964838357,
      0.23777915250991685,
      0.23799621191329443,
      0.23901004374235602,
      0.23911707316286052,
      0.2391662306085,
      0.23918127426381156,
      0.23922745543343332,
      0.23934823730344382,
      0.23948960035149047,
      0.23954969347230337,
      0.2397669601970893,
      0.23999122702191134,
      0.24002077449306186,
      0.24011576532304754,
      0.24029424758737297,
      0.2405417425018715,
      0.2406840908678456,
      0.2408255480767853,
      0.24104065068362496,
      0.24132963855349332,
      0.24153377458496839,
      0.24171746989238094,
      0.24186432543379865,
      0.24222391293736248,
      0.2423332109230848,
      0.24282256821548628,
      0.24290652916112307,
      0.2429610641016143,
      0.243240129056322,
      0.243326906277521,
      0.24356663079944169,
      0.2437321490121446,
      0.24410099094973306,
