{
  "task": "classification",
  "format": "onnx",
  "preset_name": "default",
  "best_iteration": 99,
  "params": {
    "tree_method": "hist",
    "device": "cpu",
    "learning_rate": 0.3,
    "max_depth": 6,
    "min_child_weight": 1,
    "subsample": 1.0,
    "colsample_bytree": 1.0,
    "reg_alpha": 0.0,
    "reg_lambda": 1.0,
    "max_bin": 256,
    "n_estimators": 2000,
    "early_stopping_rounds": 50,
    "nthread": 64,
    "objective": "binary:logistic",
    "scale_pos_weight": 9.0,
    "eval_metric": "auc"
  },
  "profile": {
    "n_samples": 590,
    "n_features": 160,
    "n_p_ratio": 3.6875,
    "sparsity": 0.4971927966101695,
    "is_sparse_counts": false,
    "binary_feature_fraction": 0.175,
    "feature_signal_strength": 0.0727809145965164,
    "feature_signal_p90": 0.1500671536915416,
    "task": "classification",
    "imbalance_ratio": 9.0,
    "y_skewness": 0.0,
    "y_all_positive": false
  },
  "portfolio_scores": {
    "flaml": NaN,
    "heuristic": 0.9829573934837091,
    "default": 0.9759398496240602,
    "autogluon": 0.9660818713450293
  },
  "decision_cutoff_raw": 0.12366204708814621,
  "decision_cutoff_raw_source": "oof_balanced_accuracy",
  "decision_cutoff_proba": 0.05525466062028301,
  "decision_cutoff_rank": 0.8896434634974533,
  "decision_cutoff_logit": -2.8389627170806273,
  "calibrator": {
    "method": "platt",
    "coef": 4.911525258086609,
    "intercept": -3.4463319848207528
  },
  "ranker": {
    "knots": [
      4.257871114532463e-05,
      5.984357267152518e-05,
      6.416289397748187e-05,
      7.149083103286102e-05,
      7.906230894150212e-05,
      8.388757851207629e-05,
      8.919848187360913e-05,
      0.00010302811278961599,
      0.00011582299339352176,
      0.00012433616211637855,
      0.00013601648970507085,
      0.00014315293810795993,
      0.00014860392548143864,
      0.00015035722753964365,
      0.00016235574730671942,
      0.00017533615755382925,
      0.00017546126036904752,
      0.00017761316848918796,
      0.00018499117868486792,
      0.00018659386842045933,
      0.0001922828669194132,
      0.0001925064716488123,
      0.00019724199955817312,
      0.00019736785907298326,
      0.0002140956639777869,
      0.00021538003056775779,
      0.00022126738622318953,
      0.0002214332635048777,
      0.00022147360141389072,
      0.00022224380518309772,
      0.0002229766978416592,
      0.0002260241162730381,
      0.00023063972184900194,
      0.0002315894525963813,
      0.0002330845018150285,
      0.00023686415806878358,
      0.00023910071467980742,
      0.00024486047914251685,
      0.00024537439458072186,
      0.00025386191555298865,
      0.00026407689438201487,
      0.0002652333350852132,
      0.00026801915373653173,
      0.0002734350273385644,
      0.0002796819608192891,
      0.0002850156161002815,
      0.0002884647692553699,
      0.0002910191542468965,
      0.00029581409762613475,
      0.00030796730425208807,
      0.000308464776026085,
      0.00031541797216050327,
      0.00031763987499289215,
      0.00031763987499289215,
      0.00031888423836790025,
      0.0003211290168110281,
      0.00032151438063010573,
      0.0003218136844225228,
      0.0003254507028032094,
      0.00032842266955412924,
      0.0003286228165961802,
      0.0003350810438860208,
      0.00033840356627479196,
      0.000351880444213748,
      0.00035412985016591847,
      0.00035764562198892236,
      0.0003609800769481808,
      0.00036280773929320276,
      0.00036984338657930493,
      0.00037250007153488696,
      0.00037529741530306637,
      0.0003759358951356262,
      0.00037650021840818226,
      0.0003784816653933376,
      0.0003831853100564331,
      0.0003840730933006853,
      0.00039472951903007925,
      0.0003969931567553431,
      0.00039794063195586205,
      0.00040097825694829226,
      0.0004118172510061413,
      0.00041190028423443437,
      0.00041473397868685424,
      0.0004295230028219521,
      0.0004359976155683398,
      0.00043981795897707343,
      0.0004409409302752465,
      0.00044276806875132024,
      0.0004461841017473489,
      0.00044856269960291684,
      0.00044876133324578404,
      0.0004499817150644958,
      0.0004501522926148027,
      0.0004514526517596096,
      0.0004520232032518834,
      0.00045231779222376645,
      0.00045366593985818326,
      0.000455701258033514,
      0.0004622071282938123,
      0.0004630176117643714,
      0.00046614391612820327,
      0.0004671122587751597,
      0.00046895036939531565,
      0.0004746916238218546,
      0.0004769432998728007,
      0.00047758358414284885,
      0.0004830320249311626,
      0.000484403979498893,
      0.0004885547095909715,
      0.0004930153372697532,
      0.0004944021929986775,
      0.000499313697218895,
      0.0005004534614272416,
      0.0005076997331343591,
      0.00050786865176633,
      0.0005085289012640715,
      0.0005109059275127947,
      0.0005137348780408502,
      0.0005156390834599733,
      0.0005191296804696321,
      0.0005194083205424249,
      0.0005262039485387504,
      0.0005272519774734974,
      0.0005317166796885431,
      0.0005340727511793375,
      0.0005347053520381451,
      0.0005382217932492495,
      0.000546300201676786,
      0.0005546342581510544,
      0.0005564422463066876,
      0.0005657963920384645,
      0.0005663218908011913,
      0.0005683659692294896,
      0.0005755287129431963,
      0.0005808347486890852,
      0.0005814628675580025,
      0.0005887672887183726,
      0.0005908678285777569,
      0.0005917842499911785,
      0.0005943929427303374,
      0.0005958081455901265,
      0.0006152906571514904,
      0.0006161201163195074,
      0.0006161756464280188,
      0.000621713581494987,
      0.0006244051619432867,
      0.0006310813478194177,
      0.0006344920839183033,
      0.0006356457015499473,
      0.0006380012491717935,
      0.0006393638323061168,
      0.0006435257964767516,
      0.0006465556798502803,
      0.0006646984256803989,
      0.0006659780628979206,
      0.0006752042099833488,
      0.0006801416166126728,
      0.0006848837365396321,
      0.0006863882881589234,
      0.0006884292815811932,
      0.00069514597998932,
      0.0006991562549956143,
      0.0006994491559453309,
      0.0007003639475442469,
      0.0007010534172877669,
      0.0007033403962850571,
      0.0007107482524588704,
      0.0007143993279896677,
      0.0007182641420513391,
      0.0007190644391812384,
      0.0007227747119031847,
      0.0007322733872570097,
      0.0007350430823862553,
      0.0007423483184538782,
      0.0007437606691382825,
      0.0007470014970749617,
      0.0007508539711125195,
      0.0007568853325210512,
      0.0007569866720587015,
      0.0007577968644909561,
      0.0007693131337873638,
      0.0007702814182266593,
      0.0007702968432568014,
      0.000771286606322974,
      0.0007719252025708556,
      0.0007805682835169137,
      0.000782431976404041,
      0.0007861601770855486,
      0.0007866649539209902,
      0.000799057655967772,
      0.0008037990774028003,
      0.0008040262036956847,
      0.0008044656715355814,
      0.0008052905322983861,
      0.0008054122445173562,
      0.0008156659896485507,
      0.0008175019756890833,
      0.0008239849703386426,
      0.0008279710309579968,
      0.0008316687890328467,
      0.0008319042390212417,
      0.0008370540454052389,
      0.000840896915178746,
      0.0008543353760614991,
      0.0008660466410219669,
      0.0008678048034198582,
      0.0008707062806934118,
      0.0008784662350080907,
      0.0008810044964775443,
      0.0008814037428237498,
      0.0008946633315645158,
      0.0008946633315645158,
      0.000895264558494091,
      0.0008985603344626725,
      0.0009009414352476597,
      0.0009073529508896172,
      0.0009094986598938704,
      0.0009095940040424466,
      0.0009106090292334557,
      0.0009149030665867031,
      0.0009235773468390107,
      0.0009390885243192315,
      0.0009412294602952898,
