{
  "mode": "slow",
  "descriptor_types": [
    "chemeleon",
    "morgan"
  ],
  "n_compounds": 830,
  "n_actives": 83,
  "ratio_actives": 0.1,
  "population_prior": 0.1,
  "portfolio": [
    "lr",
    "xgb",
    "rf",
    "svc"
  ],
  "num_batches": {
    "chemeleon": 1,
    "morgan": 1
  },
  "decision_cutoff_raw": 0.2032752599306938,
  "decision_cutoff_proba": 0.0945393055609255,
  "decision_cutoff_rank": 0.8611278648974668,
  "oof_aucs": {
    "chemeleon": 0.9926291511427234,
    "morgan": 0.9920969016628763
  },
  "proxy_aucs": {
    "chemeleon": 0.9900808051483041,
    "morgan": 0.9912985274431058
  },
  "train_aucs": {
    "chemeleon": 1.0,
    "morgan": 0.9997983903485428
  },
  "quality_aucs": {
    "chemeleon": 0.9852583022854469,
    "morgan": 0.9843954129772099
  },
  "active_descriptors": {
    "chemeleon": true,
    "morgan": true
  },
  "ad_hard_cutoffs": {
    "chemeleon": 0.052250005304813385,
    "morgan": 0.052250005304813385
  },
  "rank_error_curves": {
    "chemeleon": [
      [
        0.16691696589825492,
        0.21951414534264588,
        0.2607515254474369,
        0.28331225125882004,
        0.30977960256214465,
        0.3329504600372727,
        0.3524233533001584,
        0.3801373055517801,
        0.39980288102595307,
        0.42778266909990803,
        0.4496054254242923,
        0.47779550054692377,
        0.5034261508301829,
        0.5312495632730838,
        0.5741231763536676,
        0.629568384525067,
        0.7343102734611016,
        0.8968476174158871,
        0.961819397337112,
        0.9976530427521332
      ],
      [
        0.013794584469576529,
        0.01404649912383845,
        0.014159291798004419,
        0.014301875925956466,
        0.014566916895466499,
        0.014917039734689188,
        0.014895512333037552,
        0.015534408586779085,
        0.01607197398026383,
        0.016611748124132453,
        0.017088354255060653,
        0.01704581033615283,
        0.017665811434079963,
        0.018575744025333102,
        0.018965658609027568,
        0.024255996204278776,
        0.037877177910048465,
        0.2646721520344342,
        0.2204992457382575,
        0.15710857437580983
      ]
    ],
    "morgan": [
      [
        0.13275629173175063,
        0.18060907390552133,
        0.2078489214622742,
        0.23579061964449355,
        0.2564976112387402,
        0.27465833647521504,
        0.29654180281046966,
        0.3185101238710286,
        0.3377820958698693,
        0.3626531185451401,
        0.38712316612700925,
        0.41337566011702537,
        0.4413220019906082,
        0.47310809577278656,
        0.5175046044883607,
        0.5744359248458544,
        0.671337272377156,
        0.90913510239005,
        0.954387313408391,
        0.9878653100588981
      ],
      [
        0.015687288430750495,
        0.016277913843494633,
        0.01671910960966898,
        0.017060553882389928,
        0.01687301224469517,
        0.0177001499792051,
        0.017656652420383823,
        0.01756725897590239,
        0.018365345414901563,
        0.018451347976359927,
        0.018369200946575088,
        0.01938762316235109,
        0.01988565074805551,
        0.01955517859669532,
        0.0207860183056245,
        0.021808984577840307,
        0.024518328618804066,
        0.2738984047324375,
        0.20104938222013408,
        0.1695941010853032
      ]
    ]
  },
  "decision_cutoff_logit": -2.2594281889187213,
  "decision_cutoff_lift": 0.945393055609255
}