{
    "portfolio": [
        "lr",
        "xgb",
        "rf",
        "svc"
    ],
    "max_batch_size": 100000,
    "max_imbalance_ratio": 100,
    "num_batches": 1,
    "population_prior": 0.1,
    "batch_priors": [
        0.1
    ],
    "decision_cutoff_raw": 0.20620557608282403,
    "decision_cutoff_proba": 0.056732553723806325,
    "decision_cutoff_rank": 0.8271547729379055,
    "decision_cutoff_logit": -2.8110016688647956,
    "decision_cutoff_lift": 0.5673255372380632
}