{
  "n_components": 45,
  "n_features_in": 2048,
  "n_cal_knots": 200,
  "cal_min": 3.2907145023345947,
  "cal_max": 39.91758346557617,
  "scaler": "standard"
}