{
    "portfolio": [
        "xgb",
        "rf"
    ],
    "max_batch_size": 100000,
    "max_imbalance_ratio": 100,
    "num_batches": 1,
    "population_prior": 0.01094677028495028,
    "batch_priors": [
        0.01094677028495028
    ],
    "decision_cutoff_raw": 0.11474210114621099,
    "decision_cutoff_proba": 0.006201117067343682,
    "decision_cutoff_rank": 0.9264387542053135,
    "decision_cutoff_logit": -5.0768054071570194,
    "decision_cutoff_lift": 0.5664791446175713
}