{
  "n_components": 14,
  "n_features_in": 217,
  "n_cal_knots": 200,
  "cal_min": 1.2992534637451172,
  "cal_max": 20.414276123046875,
  "scaler": "standard"
}