{
  "task": "classification",
  "format": "onnx",
  "preset_name": "default",
  "use_linear": false,
  "n_features_in": 1823,
  "classes": [
    0,
    1
  ],
  "params": {
    "C": 1.0,
    "kernel": "rbf",
    "gamma": "scale",
    "class_weight": "balanced",
    "max_iter": 2800,
    "tol": 0.001,
    "random_state": 42,
    "use_linear": false
  },
  "profile": {
    "n_samples": 560,
    "n_features": 1823,
    "n_p_ratio": 0.30718595721338454,
    "sparsity": 0.0,
    "is_sparse_counts": false,
    "binary_feature_fraction": 0.0,
    "feature_signal_strength": 0.18449479638490357,
    "feature_signal_p90": 0.4122745513244982,
    "task": "classification",
    "imbalance_ratio": 9.0,
    "y_skewness": 0.0,
    "y_all_positive": false
  },
  "portfolio_scores": {
    "heuristic": 0.9851851851851852,
    "default": 0.9851851851851852,
    "linear": 0.7911111111111111,
    "balanced_rbf": 0.9881481481481482
  },
  "decision_cutoff_raw": 0.5,
  "decision_cutoff_raw_source": "oof_balanced_accuracy",
  "decision_cutoff_proba": 0.17616267461365034,
  "decision_cutoff_rank": 0.8601379121273686,
  "decision_cutoff_logit": -1.5425652340468428,
  "calibrator": {
    "method": "platt",
    "coef": 7.487582916192426,
    "intercept": -5.286356692143055
  },
  "ranker": {
    "knots": [
      0.2013197115064179,
      0.21257696669508497,
      0.21383861809111696,
      0.22031998413758716,
      0.22938464655762972,
      0.2303309811456323,
      0.23084287291992808,
      0.23114367936029362,
      0.23174007034550373,
      0.23245174246631703,
      0.23293972900919202,
      0.2331641206215819,
      0.23333464408126778,
      0.23337799053168617,
      0.23342374940113852,
      0.23365046022467853,
      0.23430864498798443,
      0.23513490924743038,
      0.23522504918953238,
      0.23543203299793097,
      0.23576217963445123,
      0.23591866001799672,
      0.2364846710250915,
      0.23652988410691667,
      0.2369201129060031,
      0.23759317271076014,
      0.2379305685914086,
      0.23815629624341333,
      0.23825541213948231,
      0.23851733579845366,
      0.23889411806933739,
      0.2391551696932069,
      0.23931277434557788,
      0.2398509569000619,
      0.23986207877655172,
      0.2399013422987724,
      0.24029292157156684,
      0.24040543727202493,
      0.24047424812036555,
      0.24049448809778234,
      0.24053347186156704,
      0.24065620818391625,
      0.24068482177771186,
      0.24090063938474704,
      0.24094134528196248,
      0.24098046952903474,
      0.24102753114110825,
      0.2411273149720993,
      0.2412475058767012,
      0.2413610644712497,
      0.24148752920414798,
      0.24155238141125832,
      0.2415683022215108,
      0.24169343171128227,
      0.24192246653623134,
      0.24199651884650353,
      0.24234128368690083,
      0.24234780601827655,
      0.24271345649541018,
      0.24328602250926734,
      0.24329793455409834,
      0.24369787514887406,
      0.24383562510299442,
      0.2439095921453842,
      0.24393906020922207,
      0.2442758084778501,
      0.24431828168140998,
      0.24466437474124034,
      0.24495085404486813,
      0.24505983801837758,
      0.24510394956810902,
      0.24524612238170923,
      0.2453137836513047,
      0.2453594350943534,
      0.24536744937765256,
      0.245389216667758,
      0.24541948414736703,
      0.2456038362634312,
      0.24575716943947917,
      0.24576207819251727,
      0.24586157720734014,
      0.24589185497153968,
      0.24593702839103718,
      0.24605283135934497,
      0.24608309563829633,
      0.24608759992905138,
      0.2461352304199292,
      0.24614609387971922,
      0.2461804214647278,
      0.24628626599952466,
      0.2462946498735239,
      0.24630969556020937,
      0.24638137933881488,
      0.24644720993365907,
      0.24644754598772783,
      0.24686089188224217,
      0.24691276515559676,
      0.2471972032211595,
      0.24720980538725132,
      0.24724414377710918,
      0.2472965030931223,
      0.24730314835358977,
      0.24737182329083426,
      0.24743323523741717,
      0.24748191086355087,
      0.24751000761675854,
      0.24753993206299166,
      0.24777706581708026,
      0.24783469994357618,
      0.24810232767742377,
      0.24834914061236488,
      0.24861149853724163,
      0.2486421003038026,
      0.24877017880714697,
      0.2489126982143106,
      0.24892121141354037,
      0.2490006430957903,
      0.2490211091061034,
      0.24907319663610736,
      0.2493244945849463,
      0.24935477911449222,
      0.24944646552421681,
      0.2494970150725768,
      0.24952816239955197,
      0.24956039393396343,
      0.24960799313327459,
      0.24964747305536023,
      0.24967526517696556,
      0.24971829655033673,
      0.24982574987201395,
      0.24986033421032353,
      0.24995031491107234,
      0.24995826609516092,
      0.25006407164058453,
      0.2500783081913778,
      0.25010632833380636,
      0.2501180691630774,
      0.2501274221702321,
      0.2503776624508672,
      0.2505876612404044,
      0.250648486084679,
      0.2508820369101471,
      0.25088601833008944,
      0.25101131630429546,
      0.2510607615387792,
      0.2510663682940076,
      0.2511279158322597,
      0.2511659051908979,
      0.2512736970483214,
      0.25150856977225217,
      0.2516739797262864,
      0.2516949792575109,
      0.2516955501361882,
      0.25170800637741314,
      0.25183856440248703,
      0.25201426620071377,
      0.25203075250777207,
      0.2520747125007713,
      0.2521012647480752,
      0.2522144297848944,
      0.2522208028824554,
      0.25228246855266023,
      0.25230763254017097,
      0.2523419766595616,
      0.2523856493270442,
      0.25238989308317145,
      0.25244084690064567,
      0.2524553583887484,
      0.2525453069966586,
      0.25259265551573373,
      0.25261283664762,
      0.2526314807004254,
      0.25268670444222285,
      0.25272454345050854,
      0.25311511172834067,
      0.25319817226651453,
      0.2532079054297912,
      0.253302757760342,
      0.2535942593763533,
      0.2536517601908986,
      0.2537644705959942,
      0.25382214572095707,
      0.2538424903347962,
      0.25384368391026074,
      0.25384735773262973,
      0.2538890920961253,
      0.25388970265930483,
      0.2541426955017924,
      0.2542820151105978,
      0.2543599205575865,
      0.2544960338243809,
      0.2545049878222984,
      0.25473786068344323,
      0.2548292267990828,
      0.25494838565948796,
      0.2549775273467055,
      0.2551467620741071,
      0.2551577716575658,
      0.25516974362025385,
      0.2551807027517472,
      0.2552038910799746,
      0.2554652813901867,
      0.25549209573949017,
      0.2555385537515315,
      0.2555428774677009,
      0.25557404511111675,
      0.255583408123176,
      0.2556196591367092,
      0.2556205431133934,
      0.25569742483578917,
      0.2557358731837994,
      0.25581197067289496,
      0.25582741420436234,
      0.25612987935370835,
      0.2562160713882272,
      0.2564134256814428,
      0.25645410036837063,
      0.25645955724644615,
      0.2564690686146928,
      0.2566245923138808,
      0.25680455504008237,
      0.25682304645611137,
      0.256851675216604,
      0.2568700159126856,
      0.25697244305737227,
      0.2571548642474889,
      0.2571673615981617,
      0.25719109074674634,
      0.2573209137301387,
      0.2573356297809862,
      0.2574391948565809,
      0.2574523255085911,
      0.2574523545570487,
      0.25762233979897275,
      0.2577600165214175,
      0.2577739272262157,
      0.25780921580653976,
      0.2579480316432312,
      0.25801020629559385,
      0.2580677031350538,
      0.25814940127138414,
      0.25816610689928243,
      0.2581825089109211,
      0.2582145463809599,
      0.2582492703414152,
      0.2583259455294387,
      0.2583424736105514,
      0.25835038461120746,
      0.2583644636728656,
      0.2584336372037906,
      0.25843573473991627,
      0.25857864690699034,
