{
  "task": "classification",
  "format": "onnx",
  "preset_name": "default",
  "best_iteration": 99,
  "params": {
    "tree_method": "hist",
    "device": "cpu",
    "learning_rate": 0.3,
    "max_depth": 6,
    "min_child_weight": 1,
    "subsample": 1.0,
    "colsample_bytree": 1.0,
    "reg_alpha": 0.0,
    "reg_lambda": 1.0,
    "max_bin": 256,
    "n_estimators": 2000,
    "early_stopping_rounds": 50,
    "nthread": 56,
    "objective": "binary:logistic",
    "scale_pos_weight": 9.0,
    "eval_metric": "auc"
  },
  "profile": {
    "n_samples": 560,
    "n_features": 1823,
    "n_p_ratio": 0.30718595721338454,
    "sparsity": 0.0,
    "is_sparse_counts": false,
    "binary_feature_fraction": 0.0,
    "feature_signal_strength": 0.18449479638490357,
    "feature_signal_p90": 0.4122745513244982,
    "task": "classification",
    "imbalance_ratio": 9.0,
    "y_skewness": 0.0,
    "y_all_positive": false
  },
  "portfolio_scores": {
    "flaml": NaN,
    "autogluon": NaN,
    "heuristic": 0.9922524565381708,
    "default": 0.985827664399093
  },
  "decision_cutoff_raw": 0.039101630449295044,
  "decision_cutoff_raw_source": "oof_balanced_accuracy",
  "decision_cutoff_proba": 0.028434481744238946,
  "decision_cutoff_rank": 0.8604651162790697,
  "decision_cutoff_logit": -3.531306152235964,
  "calibrator": {
    "method": "platt",
    "coef": 5.117772716995494,
    "intercept": -3.7314194097394067
  },
  "ranker": {
    "knots": [
      0.00019827531650662422,
      0.00021410424960777164,
      0.00021476933034136891,
      0.00022551136498805135,
      0.00022551136498805135,
      0.00022879228345118463,
      0.00022908674145583063,
      0.0002365684777032584,
      0.0002365684777032584,
      0.00024351409228984267,
      0.0002450734900776297,
      0.0002500691916793585,
      0.0002532220387365669,
      0.0002532220387365669,
      0.0002532220387365669,
      0.0002532220387365669,
      0.0002574478858150542,
      0.00026377043104730546,
      0.00026804112712852657,
      0.00027046448667533696,
      0.00027507133199833333,
      0.0002805365656968206,
      0.00028198136715218425,
      0.00028199239750392735,
      0.00028199239750392735,
      0.00028199239750392735,
      0.00028199239750392735,
      0.0002821844245772809,
      0.0002884180285036564,
      0.00028982022195123136,
      0.00028982022195123136,
      0.000289877993054688,
      0.0002920547849498689,
      0.0002929471665993333,
      0.0002985968894790858,
      0.0003010770014952868,
      0.0003011559310834855,
      0.0003011559310834855,
      0.0003036845300812274,
      0.0003036845300812274,
      0.0003061012248508632,
      0.0003134517464786768,
      0.00031529919942840934,
      0.0003260619123466313,
      0.0003268932632636279,
      0.00033074436942115426,
      0.00033074436942115426,
      0.00033216821611858904,
      0.00033292596344836056,
      0.000336561759468168,
      0.000336561759468168,
      0.0003384430892765522,
      0.0003389555204194039,
      0.0003389555204194039,
      0.0003410818171687424,
      0.00034169270657002926,
      0.00034307833993807435,
      0.0003457128186710179,
      0.0003472913522273302,
      0.00034787485492415726,
      0.000348260480677709,
      0.00034883315674960613,
      0.0003489061491563916,
      0.0003489061491563916,
      0.0003507878864184022,
      0.00035087685682810843,
      0.00035125939757563174,
      0.0003544667561072856,
      0.00035535913775675,
      0.000356470380211249,
      0.0003583278157748282,
      0.00035943719558417797,
      0.00035943719558417797,
      0.00035956999636255205,
      0.0003624502569437027,
      0.0003633373125921935,
      0.00036430428735911846,
      0.00036590799572877586,
      0.00037128914846107364,
      0.00037215769407339394,
      0.0003727549337781966,
      0.0003734325000550598,
      0.0003737792430911213,
      0.00037920864997431636,
      0.0003818663244601339,
      0.0003818663244601339,
      0.00038219316047616303,
      0.00038231833605095744,
      0.0003846718173008412,
      0.0003852621011901647,
      0.0003852621011901647,
      0.00038615064113400877,
      0.0003870846121571958,
      0.0003881386364810169,
      0.00039033996290527284,
      0.0003923214680980891,
      0.00039387267315760255,
      0.0003947377554140985,
      0.000396178278606385,
      0.00039956014370545745,
      0.0004041623615194112,
      0.00040462729521095753,
      0.00040504796197637916,
      0.0004071054281666875,
      0.00040802836883813143,
      0.000408657593652606,
      0.0004139061493333429,
      0.00041757142753340304,
      0.00041854343726299703,
      0.0004211211926303804,
      0.00042156080598942935,
      0.00042156080598942935,
      0.00042389181908220053,
      0.0004242099530529231,
      0.0004250605998095125,
      0.0004250605998095125,
      0.0004265941970515996,
      0.0004272520891390741,
      0.0004278399865143001,
      0.0004284795722924173,
      0.00042890763143077493,
      0.0004289861535653472,
      0.0004289861535653472,
      0.0004293400270398706,
      0.0004303455352783203,
      0.0004327911010477692,
      0.0004327911010477692,
      0.0004327911010477692,
      0.0004341722815297544,
      0.00043524845386855304,
      0.00043524845386855304,
      0.0004358926380518824,
      0.0004363857442513108,
      0.0004432002897374332,
      0.00044463863014243543,
      0.00044492780580185354,
      0.00044557079672813416,
      0.00044724380131810904,
      0.000449568236945197,
      0.00044990109745413065,
      0.00044990109745413065,
      0.00045041111297905445,
      0.0004507351841311902,
      0.00045073690125718713,
      0.0004510123690124601,
      0.00045269913971424103,
      0.0004543614049907774,
      0.0004544837574940175,
      0.00046104277134872973,
      0.00046104277134872973,
      0.00046433828538283706,
      0.00046679622028023005,
      0.0004695497627835721,
      0.000470944243716076,
      0.000472415384138003,
      0.0004725655890069902,
      0.0004749647341668606,
      0.0004775328270625323,
      0.00047797890147194266,
      0.0004779845767188817,
      0.00047887524124234915,
      0.0004795481509063393,
      0.00048084784066304564,
      0.0004811091930605471,
      0.00048257687012664974,
      0.0004838898603338748,
      0.0004860874032601714,
      0.0004867010284215212,
      0.0004888563416898251,
      0.0004898025072179735,
      0.0004914418677799404,
      0.0004914418677799404,
      0.0004945169785059988,
      0.0004987105494365096,
      0.0004994322080165148,
      0.0004996909992769361,
      0.0005007609724998474,
      0.0005012022447772324,
      0.0005017101066187024,
      0.0005024619749747217,
      0.0005039075622335076,
      0.0005044970312155783,
      0.0005049259052611887,
      0.0005065019358880818,
      0.0005066330195404589,
      0.0005066847079433501,
      0.000508899858687073,
      0.0005101448623463511,
      0.0005182417226023972,
      0.0005204770714044571,
      0.0005236903089098632,
      0.0005237252335064113,
      0.0005251664551906288,
      0.0005307998508214951,
      0.0005315555026754737,
      0.0005323858349584043,
      0.0005340375937521458,
      0.0005346038960851729,
      0.0005366327823139727,
      0.0005413275212049484,
      0.0005423144320957363,
      0.0005433557089418173,
      0.0005454536294564605,
      0.0005476533551700413,
      0.0005476533551700413,
      0.0005492278723977506,
      0.000551310833543539,
      0.0005538244149647653,
      0.000554230238776654,
      0.0005567698390223086,
      0.0005628016660921276,
      0.0005637588910758495,
      0.0005656108842231333,
      0.0005678499001078308,
      0.0005727162933908403,
      0.0005768734263256192,
      0.000579367857426405,
      0.000579675252083689,
      0.0005805508117191494,
      0.0005855578347109258,
      0.0005858623189851642,
      0.0005860343226231635,
      0.0005874771741218865,
