{
  "mode": "slow",
  "descriptor_types": [
    "chemeleon",
    "clamp",
    "rdkit"
  ],
  "n_compounds": 590,
  "n_actives": 59,
  "ratio_actives": 0.1,
  "population_prior": 0.1,
  "portfolio": [
    "lr",
    "xgb",
    "rf",
    "svc"
  ],
  "num_batches": {
    "chemeleon": 1,
    "clamp": 1,
    "rdkit": 1
  },
  "decision_cutoff_raw": 0.26016349660031046,
  "decision_cutoff_proba": 0.09232412377561361,
  "decision_cutoff_rank": 0.8605451801546877,
  "oof_aucs": {
    "chemeleon": 0.9682083692425548,
    "clamp": 0.9732516199048804,
    "rdkit": 0.9400236202879122
  },
  "proxy_aucs": {
    "chemeleon": 0.9113281624054391,
    "clamp": 0.9404385712917743,
    "rdkit": 0.9212550671901433
  },
  "train_aucs": {
    "chemeleon": 1.0,
    "clamp": 1.0,
    "rdkit": 1.0
  },
  "quality_aucs": {
    "chemeleon": 0.9364167384851096,
    "clamp": 0.9465032398097608,
    "rdkit": 0.8800472405758244
  },
  "active_descriptors": {
    "chemeleon": true,
    "clamp": true,
    "rdkit": true
  },
  "ad_hard_cutoffs": {
    "chemeleon": 0.052250005304813385,
    "clamp": 0.052250005304813385,
    "rdkit": 0.052250005304813385
  },
  "rank_error_curves": {
    "chemeleon": [
      [
        0.03911821113882341,
        0.12190465028318835,
        0.16684221219034728,
        0.22036148383281687,
        0.24839425588915176,
        0.26669643114875125,
        0.28946804560742123,
        0.3084282629308436,
        0.3361889070086849,
        0.36153789186474783,
        0.37893262817105094,
        0.4124628432476365,
        0.45028293320748636,
        0.49096318864540167,
        0.5263120301882728,
        0.5687169775590224,
        0.6651190173220719,
        0.8799611369800027,
        0.9695069806703782,
        0.9936312699338732
      ],
      [
        0.027037307758444942,
        0.028106588768318497,
        0.02889241553326845,
        0.03026362072115963,
        0.030632121858593243,
        0.03108430976121016,
        0.03151942456185216,
        0.031783238130818244,
        0.03279859873094629,
        0.03295109517729276,
        0.033797322728188195,
        0.03464890095489495,
        0.037123771541268225,
        0.04054425612334547,
        0.04145938774582059,
        0.048460898136759654,
        0.07676524437812494,
        0.2757566902600821,
        0.28809735768607314,
        0.23982003223074605
      ]
    ],
    "clamp": [
      [
        0.02218354978061249,
        0.07979901601522296,
        0.11753229996716558,
        0.1624699504959068,
        0.1860767396089576,
        0.20345111027722582,
        0.22907286529614865,
        0.2520511202975972,
        0.28295944538056633,
        0.33279100058377464,
        0.36481349429133286,
        0.4005167386138902,
        0.4330216962625592,
        0.47060445353031655,
        0.5138917649852066,
        0.560828947976569,
        0.6638189199908701,
        0.8752542637439507,
        0.9667510129834953,
        0.9988769792665457
      ],
      [
        0.02802283528527738,
        0.028916329065343208,
        0.02943629043955493,
        0.029979563103650315,
        0.03062143974830499,
        0.030691528103675564,
        0.03104165894417592,
        0.03156777412926763,
        0.03216923152196193,
        0.03259025993441935,
        0.03377353105150576,
        0.033532328149665905,
        0.035078824575582285,
        0.03658865846797593,
        0.03764071419986208,
        0.04518720557493544,
        0.0789858630271614,
        0.27758502419493736,
        0.26547772422200855,
        0.21814728462828223
      ]
    ],
    "rdkit": [
      [
        0.07015602970362969,
        0.12776580579216545,
        0.1643122795546749,
        0.19450591893119773,
        0.2199923087322731,
        0.25538361300903456,
        0.2840768028598368,
        0.3093065158417615,
        0.3349328708243981,
        0.3666945889947656,
        0.389926510919356,
        0.4178699465600904,
        0.45580554973607795,
        0.49418048299593664,
        0.542740347419786,
        0.5970587024232001,
        0.706136080186115,
        0.866475220017946,
        0.9707166820230055,
        0.998014907757419
      ],
      [
        0.027513783419772436,
        0.02859504619968457,
        0.03017143561701477,
        0.030889735284728246,
        0.031074111845873283,
        0.03218871914116362,
        0.03230162916086283,
        0.03308286277254998,
        0.03323189991093613,
        0.035106276937491236,
        0.035526558880348905,
        0.03544539387766256,
        0.036033035247578706,
        0.037746659926687784,
        0.040466171043331535,
        0.043996082154360926,
        0.06944877248159928,
        0.22414192631136054,
        0.2520164063124192,
        0.22960830112412187
      ]
    ]
  },
  "decision_cutoff_logit": -2.2855818803214736,
  "decision_cutoff_lift": 0.9232412377561361
}