{
    "portfolio": [
        "lr",
        "xgb",
        "rf",
        "svc"
    ],
    "max_batch_size": 100000,
    "max_imbalance_ratio": 100,
    "num_batches": 1,
    "population_prior": 0.1,
    "batch_priors": [
        0.1
    ],
    "decision_cutoff_raw": 0.18089762724455466,
    "decision_cutoff_proba": 0.0665127011688747,
    "decision_cutoff_rank": 0.8866432337434094,
    "decision_cutoff_logit": -2.6415344324783754,
    "decision_cutoff_lift": 0.665127011688747
}