{
    "portfolio": [
        "lr",
        "xgb",
        "rf",
        "svc"
    ],
    "max_batch_size": 100000,
    "max_imbalance_ratio": 100,
    "num_batches": 1,
    "population_prior": 0.1,
    "batch_priors": [
        0.1
    ],
    "decision_cutoff_raw": 0.11592865539326344,
    "decision_cutoff_proba": 0.029519611959638602,
    "decision_cutoff_rank": 0.8800565463244889,
    "decision_cutoff_logit": -3.49273633965915,
    "decision_cutoff_lift": 0.29519611959638603
}