{
    "portfolio": [
        "lr",
        "xgb",
        "rf",
        "svc"
    ],
    "max_batch_size": 100000,
    "max_imbalance_ratio": 100,
    "num_batches": 1,
    "population_prior": 0.2299168975069252,
    "batch_priors": [
        0.2299168975069252
    ],
    "decision_cutoff_raw": 0.29967395506176353,
    "decision_cutoff_proba": 0.21358779442506196,
    "decision_cutoff_rank": 0.6861111111111112,
    "decision_cutoff_logit": -1.3034331262865722,
    "decision_cutoff_lift": 0.9289782384029803
}