{
    "portfolio": [
        "xgb",
        "rf",
        "svc"
    ],
    "max_batch_size": 100000,
    "max_imbalance_ratio": 100,
    "num_batches": 1,
    "population_prior": 0.1,
    "batch_priors": [
        0.1
    ],
    "decision_cutoff_raw": 0.17705512005185056,
    "decision_cutoff_proba": 0.05030128537935946,
    "decision_cutoff_rank": 0.8719733217340874,
    "decision_cutoff_logit": -2.93811416074887,
    "decision_cutoff_lift": 0.5030128537935946
}