{
  "n_components": 45,
  "n_features_in": 2048,
  "n_cal_knots": 200,
  "cal_min": 2.601619243621826,
  "cal_max": 49.27189254760742,
  "scaler": "standard"
}