{
  "n_components": 45,
  "n_features_in": 2048,
  "n_cal_knots": 200,
  "cal_min": 2.4666073322296143,
  "cal_max": 24.04414176940918,
  "scaler": "standard"
}