{
  "n_components": 14,
  "n_features_in": 217,
  "n_cal_knots": 200,
  "cal_min": 1.1340346336364746,
  "cal_max": 21.84479522705078,
  "scaler": "standard"
}