{
  "n_components": 45,
  "n_features_in": 2048,
  "n_cal_knots": 200,
  "cal_min": 3.044149160385132,
  "cal_max": 18.814044952392578,
  "scaler": "standard"
}