{
  "n_components": 14,
  "n_features_in": 217,
  "n_cal_knots": 200,
  "cal_min": 1.2158856391906738,
  "cal_max": 18.184818267822266,
  "scaler": "standard"
}