{
  "n_components": 45,
  "n_features_in": 2048,
  "n_cal_knots": 200,
  "cal_min": 2.9750707149505615,
  "cal_max": 26.511398315429688,
  "scaler": "standard"
}