{
    "portfolio": [
        "lr",
        "xgb",
        "rf",
        "svc"
    ],
    "max_batch_size": 100000,
    "max_imbalance_ratio": 100,
    "num_batches": 1,
    "population_prior": 0.32934131736526945,
    "batch_priors": [
        0.32934131736526945
    ],
    "decision_cutoff_raw": 0.29766294836997986,
    "decision_cutoff_proba": 0.24463516596918505,
    "decision_cutoff_rank": 0.6258004787682815,
    "decision_cutoff_logit": -1.1274328742031001,
    "decision_cutoff_lift": 0.7428013221246165
}