{
  "n_components": 45,
  "n_features_in": 2048,
  "n_cal_knots": 200,
  "cal_min": 1.4423696994781494,
  "cal_max": 23.424320220947266,
  "scaler": "standard"
}