{
  "n_components": 45,
  "n_features_in": 2048,
  "n_cal_knots": 200,
  "cal_min": 2.5628228187561035,
  "cal_max": 51.83010482788086,
  "scaler": "standard"
}