{
  "n_components": 45,
  "n_features_in": 2048,
  "n_cal_knots": 200,
  "cal_min": 2.7221319675445557,
  "cal_max": 23.699254989624023,
  "scaler": "standard"
}