{
  "n_components": 27,
  "n_features_in": 768,
  "n_cal_knots": 200,
  "cal_min": 3.086381673812866,
  "cal_max": 12.1410493850708,
  "scaler": "standard"
}