{
  "task": "classification",
  "format": "onnx",
  "preset_name": "linear",
  "use_linear": true,
  "n_features_in": 1701,
  "classes": [
    0,
    1
  ],
  "params": {
    "C": 0.1,
    "class_weight": "balanced",
    "max_iter": 1805,
    "tol": 0.001,
    "random_state": 42,
    "use_linear": true
  },
  "profile": {
    "n_samples": 361,
    "n_features": 1701,
    "n_p_ratio": 0.21222810111699,
    "sparsity": 0.43163789916636947,
    "is_sparse_counts": false,
    "binary_feature_fraction": 0.0005878894767783657,
    "feature_signal_strength": 0.13217496314281935,
    "feature_signal_p90": 0.28631577931124025,
    "task": "classification",
    "imbalance_ratio": 3.3493975903614457,
    "y_skewness": 0.0,
    "y_all_positive": false
  },
  "portfolio_scores": {
    "heuristic": 0.792156862745098,
    "default": 0.7633986928104575,
    "linear": 0.8130718954248366,
    "balanced_rbf": 0.8091503267973855
  },
  "decision_cutoff_raw": 0.4967256974924803,
  "decision_cutoff_raw_source": "oof_balanced_accuracy",
  "decision_cutoff_proba": 0.3015876051140409,
  "decision_cutoff_rank": 0.7305555555555556,
  "decision_cutoff_logit": -0.8397492137263614,
  "calibrator": {
    "method": "platt",
    "coef": 5.348770187956685,
    "intercept": -3.4966208160661307
  },
  "ranker": {
    "knots": [
      0.06548131117249703,
      0.0897400549847736,
      0.10206935715660627,
      0.10369816967544286,
      0.10436205970647097,
      0.10984427925959804,
      0.11277828599577223,
      0.11963403919291642,
      0.12607424863381364,
      0.12811622095854824,
      0.12978968126982435,
      0.13083377520372416,
      0.13438213866652338,
      0.1352983363423963,
      0.13640043526315582,
      0.14004779505790413,
      0.14213401285931765,
      0.1444464501145317,
      0.14589388586180685,
      0.1501051720319821,
      0.1534717964889218,
      0.16065181872931006,
      0.16524990293836617,
      0.16653179498980875,
      0.16660957389111739,
      0.16807291599023158,
      0.17041667931280935,
      0.172567021967226,
      0.17302439734069117,
      0.1730351170142875,
      0.17386892495830164,
      0.17504024980125188,
      0.17669992177496385,
      0.17832479207443297,
      0.1794001553397899,
      0.17962405982318372,
      0.1810813113138228,
      0.18301644524073454,
      0.18325262748786839,
      0.18354092653572807,
      0.18410597803819723,
      0.1849812564416048,
      0.1859782424682863,
      0.1877094762905971,
      0.18796201732146525,
      0.19131359830724834,
      0.19271226412355763,
      0.1927699004795673,
      0.1932078435750957,
      0.1969679227143368,
      0.19850295095101125,
      0.19861120076618125,
      0.19872133472489883,
      0.1989143016023366,
      0.1992411218218479,
      0.2003780008634054,
      0.2009170891388463,
      0.20188123819915327,
      0.20366633789617,
      0.20401020866407413,
      0.20695259020760162,
      0.20698630912070315,
      0.20834860825387866,
      0.20879991753860286,
      0.21123216994695282,
      0.21280529041115923,
      0.2153414389251362,
      0.21618172928839727,
      0.21864404432422743,
      0.22109492626426513,
      0.22408849338082973,
      0.22502704705770743,
      0.2251353930779403,
      0.22607448481714695,
      0.2261069587534352,
      0.22634407740988743,
      0.22698555270166162,
      0.2296016035863489,
      0.22961550761367833,
      0.23004091596160617,
      0.23273540786420324,
      0.2333449872208198,
      0.2333565947538284,
      0.23336186322261254,
      0.23549812177086635,
      0.23729498773843524,
      0.2376206796985272,
      0.23765985946598722,
      0.23869785584526193,
      0.2391186684167269,
      0.2392463567948454,
      0.2393957519596854,
      0.24008952490971294,
      0.24469966278551492,
      0.2454846183869572,
      0.245679664972906,
      0.24610215283667639,
      0.24645147882463786,
      0.2466548587591658,
      0.2468911949526427,
      0.2473348755685551,
      0.24842030681678023,
      0.24935233430851883,
      0.249371275456689,
      0.24957036195111837,
      0.25007547806934205,
      0.25047719394908025,
      0.25109811488747824,
      0.25141399481502186,
      0.2519334315394442,
      0.2525510484764454,
      0.2528926133573083,
      0.25476469654632716,
      0.25518437813578043,
      0.2582852528656882,
      0.25927321119380703,
      0.26084048951493716,
      0.26120027574031346,
      0.26131654172721847,
      0.2613528506482095,
      0.261399139984917,
      0.2640496115076159,
      0.2649646983361742,
      0.2654357119457619,
      0.2662429425755471,
      0.2673152220598904,
      0.2678264365070509,
      0.26797660465707046,
      0.2688068801386023,
      0.2710365000329594,
      0.27151169196370517,
      0.27219662021968516,
      0.2747964106127563,
      0.2764596902269011,
      0.27798282951598835,
      0.27866004434870517,
      0.28163013539973675,
      0.281939173052424,
      0.281971295654439,
      0.28313549782922587,
      0.2845478559998352,
      0.28644062992687913,
      0.28761310759327186,
      0.2876260761418646,
      0.2897349027759479,
      0.2909645143920106,
      0.2917678659637714,
      0.2921198940819493,
      0.2930856397317335,
      0.2936481444197449,
      0.2950973259340123,
      0.295999789962934,
      0.29635155028479937,
      0.29747554484378436,
      0.2982185762486572,
      0.29837499879961604,
      0.29859771874501184,
      0.2986163258117474,
      0.3020167411603007,
      0.3021138511667512,
      0.3032579486487476,
      0.30435920803080163,
      0.30621453775524304,
      0.3068711995401412,
      0.30688062464177795,
      0.3080624345341897,
      0.3094106568605243,
      0.3095964305635324,
      0.31003191474142106,
      0.31295864743805984,
      0.315889591945548,
      0.3158896492315608,
      0.31689009654145706,
      0.3173009671116905,
      0.3178923143089093,
      0.31841829056296134,
      0.3191289482334009,
      0.3196037436861,
      0.3197752609482938,
      0.32053682106465287,
      0.32069689703125365,
      0.3223088415247693,
      0.32494744479567,
      0.3255094874751522,
      0.32583459436194223,
      0.3265351171560311,
      0.32821342676874293,
      0.3308931915095583,
      0.33213424554766274,
      0.3358303729796562,
      0.3378800767327815,
      0.3400685311064817,
      0.3414666685460318,
      0.34242118609578326,
      0.34263868633607475,
      0.343364493353885,
      0.3439291190725638,
      0.3466638795241215,
      0.346962434842071,
      0.3498695480751498,
      0.355134187227377,
      0.35638054879155434,
      0.3569846545018949,
      0.3577188384112214,
      0.35902295022356545,
      0.3593938182942849,
      0.35940884005758666,
      0.3641310127829488,
      0.3659228266727992,
      0.36913004821564666,
      0.3701588449549156,
      0.3702335017600951,
      0.37250664408556805,
      0.3742772666283019,
      0.37772145134159807,
      0.38115665720537784,
      0.38140369612974706,
      0.3834369255323516,
      0.38425214403677177,
      0.38564985226264964,
      0.38661660134471326,
      0.3906679773441478,
      0.39438373312161046,
      0.39486832076236483,
      0.39623976891249907,
      0.3967837531918903,
      0.39733325688467874,
      0.39836110106369477,
      0.4006688517130054,
      0.4035596609963356,
      0.40408758725717314,
      0.40561293546164984,
      0.40792546956830217,
      0.417869212810177,
      0.42066713758782975,
      0.42218351431988427,
      0.42644667428089883,
      0.42771291379122783,
      0.4384582306297787,
      0.4388540032910039,
      0.44197969294151646,
      0.44362690234442476,
      0.44369204774183424,
      0.44574653320510754,
      0.44642408138850737,
      0.4478875843568652,
      0.4481187549716328,
      0.4489657164683542,
      0.4509046113080886,
      0.4530918795104578,
      0.45700719293997744,
      0.4696373159005556,
