{
  "task": "classification",
  "format": "onnx",
  "preset_name": "default",
  "best_iteration": 99,
  "params": {
    "tree_method": "hist",
    "device": "cpu",
    "learning_rate": 0.3,
    "max_depth": 6,
    "min_child_weight": 1,
    "subsample": 1.0,
    "colsample_bytree": 1.0,
    "reg_alpha": 0.0,
    "reg_lambda": 1.0,
    "max_bin": 256,
    "n_estimators": 2000,
    "early_stopping_rounds": 50,
    "nthread": 64,
    "objective": "binary:logistic",
    "scale_pos_weight": 3.3494,
    "eval_metric": "auc"
  },
  "profile": {
    "n_samples": 361,
    "n_features": 1701,
    "n_p_ratio": 0.21222810111699,
    "sparsity": 0.43163789916636947,
    "is_sparse_counts": false,
    "binary_feature_fraction": 0.0005878894767783657,
    "feature_signal_strength": 0.13217496314281935,
    "feature_signal_p90": 0.28631577931124025,
    "task": "classification",
    "imbalance_ratio": 3.3493975903614457,
    "y_skewness": 0.0,
    "y_all_positive": false
  },
  "portfolio_scores": {
    "flaml": NaN,
    "autogluon": NaN,
    "heuristic": 0.8588235294117648,
    "default": 0.8718954248366013
  },
  "decision_cutoff_raw": 0.05008559674024582,
  "decision_cutoff_raw_source": "oof_balanced_accuracy",
  "decision_cutoff_proba": 0.11166019414425908,
  "decision_cutoff_rank": 0.638888888888889,
  "decision_cutoff_logit": -2.0738940554570267,
  "calibrator": {
    "method": "platt",
    "coef": 3.603370624848228,
    "intercept": -2.254371023478823
  },
  "ranker": {
    "knots": [
      0.0002104341401718557,
      0.00023374971351586282,
      0.0002653261472005397,
      0.000275360478553921,
      0.0002835774212144315,
      0.0002939285768661648,
      0.0003329523024149239,
      0.00033890074701048434,
      0.0003486180503387004,
      0.00036095906398259103,
      0.00037360627902671695,
      0.0004162466211710125,
      0.00041661065188236535,
      0.0004218202957417816,
      0.00044682109728455544,
      0.00046335317892953753,
      0.00048060613335110247,
      0.0005257614539004862,
      0.0005280289915390313,
      0.0005299359327182174,
      0.0005609641666524112,
      0.0005823693936690688,
      0.0005887802108190954,
      0.0005926963640376925,
      0.0006118695600889623,
      0.0006137207383289933,
      0.0006143053178675473,
      0.0006698332144878805,
      0.0006701151141896844,
      0.0006821572897024453,
      0.0006904503679834306,
      0.0006919272127561271,
      0.0006999305915087461,
      0.0007131225429475307,
      0.000719022995326668,
      0.0007230113842524588,
      0.0007570483721792698,
      0.0007575654308311641,
      0.0007722088485024869,
      0.0007783667533658445,
      0.0008017095969989896,
      0.0008525573066435754,
      0.0008639284060336649,
      0.000872101983986795,
      0.0008804472745396197,
      0.000947117165196687,
      0.0009659265633672476,
      0.000980507000349462,
      0.0009872560622170568,
      0.000992336543276906,
      0.0010220390977337956,
      0.0010282907169312239,
      0.001040167873725295,
      0.001041262410581112,
      0.0010528243146836758,
      0.0010564024560153484,
      0.0010673332726582885,
      0.001098379958420992,
      0.0011002655373886228,
      0.001141414511948824,
      0.0011586787877604365,
      0.0011765895178541541,
      0.0011912266490980983,
      0.0011942151468247175,
      0.001323758508078754,
      0.0013390897074714303,
      0.00134959165006876,
      0.001379948458634317,
      0.001386430230922997,
      0.0014075213111937046,
      0.0014256855938583612,
      0.0014554946683347225,
      0.0014712568372488022,
      0.001483687898144126,
      0.0015127756632864475,
      0.0015206807292997837,
      0.0015255887992680073,
      0.001535341260023415,
      0.0015419151168316603,
      0.0015486187767237425,
      0.001550937071442604,
      0.001558782416395843,
      0.0015843517612665892,
      0.0015953736146911979,
      0.0016198062803596258,
      0.0016402354231104255,
      0.0016414265846833587,
      0.0016479046316817403,
      0.0016907999524846673,
      0.001735442434437573,
      0.0017634117975831032,
      0.0017823802772909403,
      0.001799228717572987,
      0.0018254207680001855,
      0.0019210531609132886,
      0.0019296115497127175,
      0.002002824330702424,
      0.0020073021296411753,
      0.0020288347732275724,
      0.002034041564911604,
      0.0021069832146167755,
      0.0021280290093272924,
      0.002169326413422823,
      0.0022703963331878185,
      0.0023341497872024775,
      0.0023496635258197784,
      0.00237804907374084,
      0.002403268124908209,
      0.0024788868613541126,
      0.0024871837813407183,
      0.002531284699216485,
      0.0026999753899872303,
      0.0027393430937081575,
      0.0028079841285943985,
      0.002936298493295908,
      0.002957769203931093,
      0.00303251831792295,
      0.0030384345445781946,
      0.0032491725869476795,
      0.0032508024014532566,
      0.0033138617873191833,
      0.0033705809619277716,
      0.0034422706812620163,
      0.003477837424725294,
      0.0034835897386074066,
      0.0035089196171611547,
      0.003638245165348053,
      0.0036465064622461796,
      0.0037078007590025663,
      0.0037232120521366596,
      0.003754541277885437,
      0.003807526081800461,
      0.0038931965827941895,
      0.0038951647002249956,
      0.003997537773102522,
      0.004001011606305838,
      0.004077473655343056,
      0.004088357090950012,
      0.004122568294405937,
      0.004159602336585522,
      0.00439879298210144,
      0.0044197081588208675,
      0.004448308143764734,
      0.004483616910874844,
      0.004552682861685753,
      0.004781186114996672,
      0.00479345815256238,
      0.0047943866811692715,
      0.004837945103645325,
      0.00494327861815691,
      0.005141413304954767,
      0.005159107036888599,
      0.005294192582368851,
      0.005357690155506134,
      0.005404097959399223,
      0.005472551565617323,
      0.005500795319676399,
      0.005689482670277357,
      0.005800579208880663,
      0.00582449184730649,
      0.005857489071786404,
      0.005996272899210453,
      0.006282872520387173,
      0.00645401980727911,
      0.006469764281064272,
      0.006785251200199127,
      0.006915715988725424,
      0.006931298412382603,
      0.007026784587651491,
      0.007212986703962088,
      0.007282845210283995,
      0.0074624051339924335,
      0.007919248193502426,
      0.007991463877260685,
      0.0081599410623312,
      0.008263700641691685,
      0.008395036682486534,
      0.009211641736328602,
      0.009220127016305923,
      0.00929040927439928,
      0.009501604363322258,
      0.009514708071947098,
      0.009576918557286263,
      0.00991828553378582,
      0.010008967481553555,
      0.010031478479504585,
      0.010259805247187614,
      0.010831540450453758,
      0.011370591819286346,
      0.011531111784279346,
      0.011757895350456238,
      0.011835763230919838,
      0.012450885027647018,
      0.012829702347517014,
      0.012861313298344612,
      0.013659623451530933,
      0.01384345255792141,
      0.014218154363334179,
      0.01479555107653141,
      0.01489377859979868,
      0.015326720662415028,
      0.015572765842080116,
      0.01586485467851162,
      0.016234848648309708,
      0.01707552745938301,
      0.0175551176071167,
      0.019532352685928345,
      0.019680939614772797,
      0.019788604229688644,
      0.02307821623980999,
      0.023251064121723175,
      0.023503877222537994,
      0.02480221353471279,
      0.026879966259002686,
      0.027724331244826317,
      0.031276602298021317,
      0.03145047649741173,
      0.03205748647451401,
      0.033881716430187225,
      0.035236455500125885,
      0.038245849311351776,
      0.039621833711862564,
      0.04036250337958336,
      0.042498309165239334,
      0.043396539986133575,
      0.04543355852365494,
      0.04558175429701805,
      0.046121396124362946,
      0.04748788848519325,
