{
    "portfolio": [
        "lr",
        "xgb",
        "rf",
        "svc"
    ],
    "max_batch_size": 100000,
    "max_imbalance_ratio": 100,
    "num_batches": 1,
    "population_prior": 0.26684397163120566,
    "batch_priors": [
        0.26684397163120566
    ],
    "decision_cutoff_raw": 0.3870281401856449,
    "decision_cutoff_proba": 0.2629157810805988,
    "decision_cutoff_rank": 0.6342058562555457,
    "decision_cutoff_logit": -1.0308684014116696,
    "decision_cutoff_lift": 0.9852790732854335
}