{
  "task": "classification",
  "format": "onnx",
  "preset_name": "default",
  "use_linear": false,
  "n_features_in": 767,
  "classes": [
    0,
    1
  ],
  "params": {
    "C": 1.0,
    "kernel": "rbf",
    "gamma": "scale",
    "class_weight": "balanced",
    "max_iter": 2950,
    "tol": 0.001,
    "random_state": 42,
    "use_linear": false
  },
  "profile": {
    "n_samples": 590,
    "n_features": 767,
    "n_p_ratio": 0.7692307692307693,
    "sparsity": 0.0,
    "is_sparse_counts": false,
    "binary_feature_fraction": 0.0,
    "feature_signal_strength": 0.10311959708598062,
    "feature_signal_p90": 0.21876297410850523,
    "task": "classification",
    "imbalance_ratio": 9.0,
    "y_skewness": 0.0,
    "y_all_positive": false
  },
  "portfolio_scores": {
    "heuristic": 0.9476543209876542,
    "default": 0.9422222222222223,
    "linear": 0.9145679012345679,
    "balanced_rbf": 0.9293827160493827
  },
  "decision_cutoff_raw": 0.42215009259748715,
  "decision_cutoff_raw_source": "oof_balanced_accuracy",
  "decision_cutoff_proba": 0.12033718857356737,
  "decision_cutoff_rank": 0.8760611205432937,
  "decision_cutoff_logit": -1.9892409580516677,
  "calibrator": {
    "method": "platt",
    "coef": 7.013156114912185,
    "intercept": -4.94984546136248
  },
  "ranker": {
    "knots": [
      0.1719315524713916,
      0.18830839626203408,
      0.19156002929610913,
      0.1959184688781718,
      0.2020948259714192,
      0.2025627842963997,
      0.20346760884246473,
      0.2052940689068978,
      0.20536299111650833,
      0.20646186619372128,
      0.20704496779411852,
      0.20713153554192082,
      0.2079559367721317,
      0.20949237362507897,
      0.21022701160691812,
      0.21042952744598167,
      0.21047178267779043,
      0.21076105935404338,
      0.21222425803933292,
      0.2124159005280506,
      0.2127082912405971,
      0.2127107793021266,
      0.21326574889312028,
      0.21331422294696256,
      0.2153313673250588,
      0.21542608596676502,
      0.21585975573278218,
      0.21614088514730564,
      0.21696247452993125,
      0.21707068526910858,
      0.2175133446359582,
      0.21795004935176643,
      0.21807039272248857,
      0.21808692201907637,
      0.218561335421049,
      0.2188185925374577,
      0.21910857554045815,
      0.21921431673241723,
      0.21969080802494423,
      0.21990587099483616,
      0.2204734502034975,
      0.22153064178409979,
      0.22161125051356387,
      0.22273319895507113,
      0.22300828292901448,
      0.22330261971031673,
      0.22346931544822493,
      0.22380109138871757,
      0.2242450404922907,
      0.22454773315577908,
      0.22457730482881874,
      0.2246015288062223,
      0.22470175462989495,
      0.22505165815541553,
      0.2252315258778946,
      0.2259980887352151,
      0.22630663239827858,
      0.22650652102859467,
      0.2267492749617678,
      0.22687958857766694,
      0.22799704648739014,
      0.22912986815300548,
      0.22930374414416407,
      0.22959243754181835,
      0.2297904365836049,
      0.22989511988347638,
      0.23021218348011704,
      0.23026871095912327,
      0.23072554718682836,
      0.2311363154748671,
      0.23124719011863482,
      0.23145322178281283,
      0.2314928294274053,
      0.23253645155742206,
      0.23276829290424914,
      0.23336237331807613,
      0.23365170987529735,
      0.23378113873202291,
      0.23430941373508982,
      0.2344050334583359,
      0.23460848801333611,
      0.23527830988718781,
      0.23559521834382793,
      0.23569628709162377,
      0.23580358147865177,
      0.2359468756347377,
      0.23656600943284484,
      0.236631623369749,
      0.23669199510002953,
      0.23687327195407457,
      0.2369770405859553,
      0.2370815499713256,
      0.2371374456861685,
      0.23735082016399178,
      0.23763576647292411,
      0.23770135647293147,
      0.2377117184263368,
      0.2379269097521811,
      0.238278153424943,
      0.23839956315280716,
      0.23879598748584135,
      0.23901965858918547,
      0.23904118097814234,
      0.23908169353578582,
      0.2390904532979249,
      0.23937013165605897,
      0.23956939551977466,
      0.23959779692234282,
      0.2398473870107096,
      0.23997734236085305,
      0.24016917952361053,
      0.24022915101283074,
      0.24029172713876093,
      0.2403463231444051,
      0.2403549971449928,
      0.24092531825535887,
      0.2409914091644762,
      0.2414312569599018,
      0.24163881217515748,
      0.2422579932934578,
      0.24252910173667352,
      0.24267436584498076,
      0.2429828937323522,
      0.24307166262949867,
      0.24309933470191966,
      0.24322889882100546,
      0.24331627486888582,
      0.24367903573601268,
      0.24372474488895732,
      0.24378160658340936,
      0.24388505000314528,
      0.24389755838817734,
      0.24391056753139392,
      0.2440231316331054,
      0.24402790483868886,
      0.24402790483868886,
      0.2440506154326573,
      0.24409345250822867,
      0.24411717022241697,
      0.2442435045389117,
      0.24460745740649478,
      0.24473025788701533,
      0.24484482855242007,
      0.24517756021425632,
      0.24518451067190952,
      0.24534900361431378,
      0.24542089235644238,
      0.24573053597668737,
      0.2465278383533577,
      0.24678022326882773,
      0.24685047842671554,
      0.24704053146728874,
      0.24705285235750507,
      0.24709414847969158,
      0.24728451638032226,
      0.2473685765226487,
      0.2474234409507621,
      0.24753632122313593,
      0.2476211768484347,
      0.247828615700933,
      0.24802106767930374,
      0.2481473211092889,
      0.2481780821537847,
      0.24821322900759243,
      0.24845582169692373,
      0.24852663299444708,
      0.24858488029577558,
      0.24863367600592984,
      0.24869022563864804,
      0.24934649187482402,
      0.2495231483876472,
      0.24973329687846113,
      0.2502978442222856,
      0.25044766337263813,
      0.2505396151520557,
      0.250758268492727,
      0.25080702876973854,
      0.2508131462003301,
      0.2510497401198912,
      0.25111682525062595,
      0.2516471946495864,
      0.251973252249659,
      0.2522043361953063,
      0.2522958027062193,
      0.25286384349478863,
      0.25296854572555244,
      0.25355994141231963,
      0.2537588174489024,
      0.25456610377239797,
      0.25463251646024054,
      0.25484300540552784,
      0.2549537232464489,
      0.25506063293503295,
      0.25510492480025,
      0.25513651307506613,
      0.25544305912613374,
      0.2555191798310546,
      0.2555232554621859,
      0.2556985850178306,
      0.2556986869738072,
      0.256043566762534,
      0.2560976272402212,
      0.2562311047558342,
      0.2562635648856095,
      0.25634612138871254,
      0.2563910964664776,
      0.25656390314514516,
      0.25664829513623477,
      0.25667014855196757,
      0.2567164117591779,
      0.2567834798943796,
      0.257161816580104,
      0.25727286712140196,
      0.25735004453870164,
      0.25757812163257066,
      0.25763277971807624,
      0.25779508002600054,
      0.2578707858456708,
      0.25799512007691977,
      0.25803370725390057,
      0.25815560083441436,
      0.25823567874065906,
      0.2582577013688828,
      0.2583448129789395,
      0.2585149486654217,
      0.25868612409400127,
      0.2589529862245573,
      0.25933295409841517,
      0.2596393817320911,
      0.2598141750575709,
      0.2600904216346552,
      0.26027670632743755,
      0.2606633492695595,
      0.2608703099421474,
      0.26104455988871905,
      0.2610512175718674,
      0.2613407162716538,
      0.2615914531109886,
      0.2616531847503224,
      0.2616708649676658,
      0.2616877275966318,
      0.2618474792176155,
      0.2619077411211939,
      0.2621880869809706,
      0.262332502313566,
      0.26265847973839906,
      0.26274313354913,
      0.2628912032164569,
      0.2630000477272476,
      0.26322005187450304,
      0.2632508250618023,
