{
  "task": "classification",
  "format": "onnx",
  "preset_name": "default",
  "best_iteration": 99,
  "params": {
    "tree_method": "hist",
    "device": "cpu",
    "learning_rate": 0.3,
    "max_depth": 6,
    "min_child_weight": 1,
    "subsample": 1.0,
    "colsample_bytree": 1.0,
    "reg_alpha": 0.0,
    "reg_lambda": 1.0,
    "max_bin": 256,
    "n_estimators": 2000,
    "early_stopping_rounds": 50,
    "nthread": 64,
    "objective": "binary:logistic",
    "scale_pos_weight": 9.0,
    "eval_metric": "auc"
  },
  "profile": {
    "n_samples": 590,
    "n_features": 767,
    "n_p_ratio": 0.7692307692307693,
    "sparsity": 0.0,
    "is_sparse_counts": false,
    "binary_feature_fraction": 0.0,
    "feature_signal_strength": 0.10311959708598062,
    "feature_signal_p90": 0.21876297410850523,
    "task": "classification",
    "imbalance_ratio": 9.0,
    "y_skewness": 0.0,
    "y_all_positive": false
  },
  "portfolio_scores": {
    "flaml": NaN,
    "autogluon": NaN,
    "heuristic": 0.9717627401837928,
    "default": 0.9689223057644111
  },
  "decision_cutoff_raw": 0.050820332020521164,
  "decision_cutoff_raw_source": "oof_balanced_accuracy",
  "decision_cutoff_proba": 0.042346304334784764,
  "decision_cutoff_rank": 0.8573853989813243,
  "decision_cutoff_logit": -3.1186050733710564,
  "calibrator": {
    "method": "platt",
    "coef": 5.2304559013646,
    "intercept": -3.3844185788970997
  },
  "ranker": {
    "knots": [
      0.00012475159019231796,
      0.0001288726198254153,
      0.00013908911205362529,
      0.00014454778283834457,
      0.0001607351441634819,
      0.0001644707954255864,
      0.00017095085058826953,
      0.00017767837562132627,
      0.0001803891791496426,
      0.0001835045695770532,
      0.00018463221204001456,
      0.00018530753732193261,
      0.00018731135060079396,
      0.0001884505181806162,
      0.00019236226216889918,
      0.0001931245788000524,
      0.00019454491848591715,
      0.00020010331354569644,
      0.00020124657021369785,
      0.0002113881491823122,
      0.00021785493299830705,
      0.00022195135534275323,
      0.00022551760775968432,
      0.00022676233493257314,
      0.00023679730657022446,
      0.0002378594654146582,
      0.00023916295322123915,
      0.00024105876218527555,
      0.00024858867982402444,
      0.0002497951500117779,
      0.0002568378986325115,
      0.0002583448658697307,
      0.00025865196948871017,
      0.00026210659416392446,
      0.00026367587270215154,
      0.0002650341484695673,
      0.0002688155509531498,
      0.0002704814833123237,
      0.00027336334460414946,
      0.00027416934608481824,
      0.00028053924324922264,
      0.0002812443708535284,
      0.00028140342328697443,
      0.00028162618400529027,
      0.00028295221272855997,
      0.00028754904633387923,
      0.00028934041620232165,
      0.0002925405278801918,
      0.00029502040706574917,
      0.00029911857564002275,
      0.00030133718973957,
      0.00030192238045856357,
      0.0003103082999587059,
      0.00031082675559446216,
      0.00031094561563804746,
      0.0003149843541905284,
      0.0003168737457599491,
      0.0003213140007574111,
      0.00032205061870627105,
      0.000326026463881135,
      0.0003299255622550845,
      0.0003315721405670047,
      0.00033501459984108806,
      0.0003356384695507586,
      0.00033861398696899414,
      0.00033864754368551075,
      0.0003451070806477219,
      0.0003480616142041981,
      0.0003505403292365372,
      0.00035164988366886973,
      0.0003522577171679586,
      0.000355845462763682,
      0.00036028181784786284,
      0.00036108316271565855,
      0.0003671288432087749,
      0.00037517453893087804,
      0.0003763523418456316,
      0.00037863338366150856,
      0.00038241856964305043,
      0.00038980337558314204,
      0.0003915902052540332,
      0.0003946162760257721,
      0.0003956313885282725,
      0.00039756656042300165,
      0.0004003944050054997,
      0.0004038536862935871,
      0.0004038536862935871,
      0.0004050728166475892,
      0.0004094607138540596,
      0.0004126231942791492,
      0.00041380300535820425,
      0.00041652366053313017,
      0.00042022534762509167,
      0.0004273202794138342,
      0.00043030266533605754,
      0.00043120564077980816,
      0.00043286269647069275,
      0.0004384612839203328,
      0.00044124008854851127,
      0.00044208989129401743,
      0.00044312234967947006,
      0.0004466341342777014,
      0.00044718559365719557,
      0.0004562856920529157,
      0.0004595095233526081,
      0.00046063726767897606,
      0.00046525627840310335,
      0.0004679987614508718,
      0.0004734786634799093,
      0.0004743177560158074,
      0.00047525251284241676,
      0.00047592396731488407,
      0.00047617830568924546,
      0.0004819764872081578,
      0.0004846060764975846,
      0.00048594290274195373,
      0.00048684768262319267,
      0.0004875751619692892,
      0.0004924435052089393,
      0.0004924878594465554,
      0.0004935570177622139,
      0.0004980549565516412,
      0.0004984002443961799,
      0.0004991702153347433,
      0.0005007103900425136,
      0.000505912525113672,
      0.000511795689817518,
      0.0005120279965922236,
      0.0005169626674614847,
      0.0005195338744670153,
      0.0005218712612986565,
      0.0005253554554656148,
      0.0005289210821501911,
      0.0005317837931215763,
      0.0005338831106200814,
      0.0005415501655079424,
      0.0005424974369816482,
      0.0005430398741737008,
      0.0005460063111968338,
      0.0005473900819197297,
      0.000548154697753489,
      0.0005484585999511182,
      0.0005500356783159077,
      0.0005516927340067923,
      0.0005522430292330682,
      0.0005536114913411438,
      0.0005551440990529954,
      0.0005577891715802252,
      0.0005579558783210814,
      0.0005600321455858648,
      0.0005603573517873883,
      0.0005605801125057042,
      0.0005634776898659766,
      0.0005675612483173609,
      0.0005728118703700602,
      0.0005728694377467036,
      0.0005776194739155471,
      0.0005799250211566687,
      0.0005820175865665078,
      0.0005828969296999276,
      0.0005847212160006166,
      0.0005847808788530529,
      0.0005892043118365109,
      0.0005939240800216794,
      0.000596427998971194,
      0.0005971008795313537,
      0.0005983088631182909,
      0.0006034945254214108,
      0.0006136037991382182,
      0.0006161811761558056,
      0.0006193431909196079,
      0.0006219387869350612,
      0.0006225354154594243,
      0.0006243991665542126,
      0.0006255547050386667,
      0.0006256503984332085,
      0.0006268713623285294,
      0.0006276575149968266,
      0.000627661996986717,
      0.0006312067271210253,
      0.0006386908935382962,
      0.0006409840425476432,
      0.0006445797625929117,
      0.0006468114443123341,
      0.0006548270466737449,
      0.0006672652089037001,
      0.0006675281911157072,
      0.0006697141798213124,
      0.0006714147748425603,
      0.0006757668452337384,
      0.0006796718807891011,
      0.0006814239895902574,
      0.0006836554384790361,
      0.0006929705268703401,
      0.0006934537668712437,
      0.0007056429167278111,
      0.0007116906926967204,
      0.0007151680183596909,
      0.0007174668135121465,
      0.0007185551221482456,
      0.0007354568224400282,
      0.0007395627326332033,
      0.0007444172515533864,
      0.0007448472897522151,
      0.0007544588879682124,
      0.0007632108754478395,
      0.000778453832026571,
      0.0007871988927945495,
      0.0007879681652411819,
      0.0007946297409944236,
      0.0007984971161931753,
      0.0007987866993062198,
      0.0008014525519683957,
      0.0008115789387375116,
      0.0008153974777087569,
      0.0008172433590516448,
      0.0008200481534004211,
      0.0008216857095248997,
      0.0008274028077721596,
      0.0008398431818932295,
      0.0008412812603637576,
      0.000849428994115442,
      0.0008554469095543027,
