{
    "portfolio": [
        "lr",
        "xgb",
        "rf",
        "svc"
    ],
    "max_batch_size": 100000,
    "max_imbalance_ratio": 100,
    "num_batches": 1,
    "population_prior": 0.26684397163120566,
    "batch_priors": [
        0.26684397163120566
    ],
    "decision_cutoff_raw": 0.44370471287311,
    "decision_cutoff_proba": 0.3049058456311869,
    "decision_cutoff_rank": 0.6865572315882876,
    "decision_cutoff_logit": -0.8240442842006807,
    "decision_cutoff_lift": 1.1426371889434512
}