{
  "task": "classification",
  "format": "onnx",
  "preset_name": "default",
  "use_linear": false,
  "n_features_in": 2033,
  "classes": [
    0,
    1
  ],
  "params": {
    "C": 1.0,
    "kernel": "rbf",
    "gamma": "scale",
    "class_weight": "balanced",
    "max_iter": 2850,
    "tol": 0.001,
    "random_state": 42,
    "use_linear": false
  },
  "profile": {
    "n_samples": 570,
    "n_features": 2033,
    "n_p_ratio": 0.2803738317757009,
    "sparsity": 0.9696136553878548,
    "is_sparse_counts": false,
    "binary_feature_fraction": 0.6601082144613871,
    "feature_signal_strength": 0.05512784992402473,
    "feature_signal_p90": 0.09055716983878043,
    "task": "classification",
    "imbalance_ratio": 9.0,
    "y_skewness": 0.0,
    "y_all_positive": false
  },
  "portfolio_scores": {
    "heuristic": 1.0,
    "default": 1.0,
    "linear": 1.0,
    "balanced_rbf": 1.0
  },
  "decision_cutoff_raw": 0.4109046978162337,
  "decision_cutoff_raw_source": "oof_balanced_accuracy",
  "decision_cutoff_proba": 0.1392728419329288,
  "decision_cutoff_rank": 0.9033391915641475,
  "decision_cutoff_logit": -1.8213426638422967,
  "calibrator": {
    "method": "platt",
    "coef": 8.319362410199046,
    "intercept": -5.239807761028869
  },
  "ranker": {
    "knots": [
      0.23742471308312602,
      0.2414892332322912,
      0.24272295606078592,
      0.243616950964585,
      0.24379032869394948,
      0.24385347309220998,
      0.2440575844742471,
      0.24479004558704381,
      0.24533264493589046,
      0.245437248719891,
      0.24544505464254066,
      0.24582706003605415,
      0.24587065879192538,
      0.2459470815105625,
      0.24619802478156513,
      0.24651408521246915,
      0.24688951325889272,
      0.24736974311876347,
      0.24745886292144,
      0.24754361311376882,
      0.24787853166283436,
      0.24838948153375576,
      0.24874818815078478,
      0.2491901232830385,
      0.24924381008001104,
      0.24941799902334813,
      0.24967919863500682,
      0.24988516071017167,
      0.24989250580750222,
      0.24992050833486937,
      0.25013806553617557,
      0.25047326916694107,
      0.2507415642072237,
      0.2510047308306752,
      0.2510666230465397,
      0.25126117980267004,
      0.25158753532378253,
      0.25177264948452777,
      0.2518607386322733,
      0.251890868915887,
      0.25204571900470946,
      0.25233902722421914,
      0.2523783411251722,
      0.25238213368233403,
      0.2524020917339381,
      0.25249635390609254,
      0.25254619165711506,
      0.25317575219534916,
      0.253266845588862,
      0.2533100163227228,
      0.2534209101182218,
      0.25346981386733947,
      0.2534894556852177,
      0.2534944418916836,
      0.2537195076451109,
      0.2537935328100469,
      0.2540581500017256,
      0.25411985143915805,
      0.25439954991953734,
      0.2544089948943762,
      0.25452304983763624,
      0.25453210558976613,
      0.25516051842571835,
      0.25520708566200473,
      0.255450812367408,
      0.25578510973631413,
      0.2558469285743087,
      0.2558755871236794,
      0.2559159321625175,
      0.25616576086233034,
      0.25668522318154396,
      0.2567477011527004,
      0.2568026533929149,
      0.25681650010779233,
      0.2570009677478898,
      0.25715332868319285,
      0.2573201983511282,
      0.2573426092844973,
      0.2574953806918781,
      0.25757744268122185,
      0.25761469811038984,
      0.2577171638424534,
      0.25777956268748375,
      0.2578094634100694,
      0.2579731809098887,
      0.2580707292452458,
      0.2581294338380488,
      0.2582722709514174,
      0.2587322790731092,
      0.25886524568334157,
      0.2588791294881473,
      0.25907307754635694,
      0.25913461603631205,
      0.2591597298872541,
      0.2592991910794726,
      0.2593509818667449,
      0.259443305793679,
      0.25955614303624025,
      0.25958880963537884,
      0.2598880521194705,
      0.2599362535780858,
      0.2599554108877966,
      0.26015541450610125,
      0.2602984972351675,
      0.2603184560169153,
      0.2606952436589693,
      0.2607493561136804,
      0.26078039351056687,
      0.2609703127248076,
      0.2612619702842618,
      0.2614005532590661,
      0.26140097276653634,
      0.26158694864201576,
      0.261616674944471,
      0.26162445815991847,
      0.26176419686015684,
      0.2618019838900453,
      0.261866374648053,
      0.261912334690935,
      0.261921165675428,
      0.26200055272651146,
      0.2620994351982357,
      0.26209974120291735,
      0.2621988863840483,
      0.26228173463558446,
      0.2623915001073118,
      0.26272249462321173,
      0.2627394811790856,
      0.26287850776786176,
      0.26311415215108525,
      0.26325491104008036,
      0.26332466166956014,
      0.2634466680059842,
      0.26351962057082834,
      0.2635392699874915,
      0.2636062899720312,
      0.26366247275118254,
      0.26381920410549425,
      0.2638863788549043,
      0.26402054037339145,
      0.26407562109824406,
      0.2641450873356801,
      0.2641788678151516,
      0.26421888205890826,
      0.2642620597654681,
      0.26445007734819753,
      0.2648276857154993,
      0.2648877432736582,
      0.2650385517106914,
      0.2651217397418055,
      0.26512500897424823,
      0.26544978090617116,
      0.2654570652064499,
      0.26560771749490153,
      0.2656623364217742,
      0.265899741625252,
      0.2660080250026771,
      0.26606109945092765,
      0.2662330089671248,
      0.26631482537514145,
      0.26644695472927804,
      0.2665628401591132,
      0.2666334681615236,
      0.266712410839387,
      0.26680277184105217,
      0.2668224028299879,
      0.2670110107139068,
      0.2670469850896388,
      0.26707929862662694,
      0.26712979980440393,
      0.2671909974427388,
      0.2672202303843172,
      0.2673124164611733,
      0.26736118581123336,
      0.2675231718437415,
      0.26756170531542905,
      0.2676626411826966,
      0.2678099590273959,
      0.26781972299227214,
      0.2678365301670193,
      0.26784625494465714,
      0.26787692198107055,
      0.2678789743327358,
      0.26802352416399966,
      0.2681750418344704,
      0.2682300831365832,
      0.26825815209566034,
      0.2682729954786204,
      0.26834350108171195,
      0.26838182955521395,
      0.26856154446600916,
      0.26857214877665325,
      0.2686286848510899,
      0.26865048029147054,
      0.26877454806161544,
      0.26882020722351185,
      0.2688334639311094,
      0.26908598733651323,
      0.2692553092083994,
      0.26932513473527414,
      0.26934004143795304,
      0.2693520774079288,
      0.26954446443793384,
      0.26955552578925557,
      0.26958806510897676,
      0.26963826677302216,
      0.2700376435645023,
      0.2700633780046483,
      0.27024672266267846,
      0.2702540777815013,
      0.27036017841494514,
      0.27038961129512135,
      0.27046454241898277,
      0.2704902787839762,
      0.27054291054463747,
      0.2706323282370894,
      0.27074065979248985,
      0.2707824687245362,
      0.2707918040703595,
      0.2708788040866611,
      0.2708846018211049,
      0.27090011371473943,
      0.27113683522238047,
      0.2714012070488038,
      0.27145775514832826,
      0.2714664217657311,
      0.2715159393038412,
      0.27159146991143246,
      0.2715928857699945,
      0.2716006115399905,
      0.27170076084841643,
      0.2719314570316708,
      0.272062914118034,
      0.2720728527763865,
      0.27226933936752273,
      0.27238959968342785,
      0.2724878824591964,
      0.2725064170297161,
      0.2725389830121655,
      0.2726513480894735,
      0.2727619943125916,
      0.2727970254425061,
      0.27317577289108824,
      0.2734306742452477,
      0.27348744901147404,
      0.2735099605489048,
      0.27369563802084346,
      0.27386497439192603,
      0.2739133214805278,
      0.274220399870795,
      0.2742655541160068,
      0.2742961724598941,
      0.2743973281756979,
      0.274745734645033,
