{
  "task": "classification",
  "format": "onnx",
  "preset_name": "default",
  "best_iteration": 99,
  "params": {
    "tree_method": "hist",
    "device": "cpu",
    "learning_rate": 0.3,
    "max_depth": 6,
    "min_child_weight": 1,
    "subsample": 1.0,
    "colsample_bytree": 1.0,
    "reg_alpha": 0.0,
    "reg_lambda": 1.0,
    "max_bin": 256,
    "n_estimators": 2000,
    "early_stopping_rounds": 50,
    "nthread": 64,
    "objective": "binary:logistic",
    "scale_pos_weight": 9.0,
    "eval_metric": "auc"
  },
  "profile": {
    "n_samples": 570,
    "n_features": 2033,
    "n_p_ratio": 0.2803738317757009,
    "sparsity": 0.9696136553878548,
    "is_sparse_counts": false,
    "binary_feature_fraction": 0.6601082144613871,
    "feature_signal_strength": 0.05512784992402473,
    "feature_signal_p90": 0.09055716983878043,
    "task": "classification",
    "imbalance_ratio": 9.0,
    "y_skewness": 0.0,
    "y_all_positive": false
  },
  "portfolio_scores": {
    "flaml": NaN,
    "autogluon": NaN,
    "heuristic": 0.9977851605758583,
    "default": 0.9970468807678111
  },
  "decision_cutoff_raw": 0.08343209326267242,
  "decision_cutoff_raw_source": "oof_balanced_accuracy",
  "decision_cutoff_proba": 0.033270914502260954,
  "decision_cutoff_rank": 0.8857644991212653,
  "decision_cutoff_logit": -3.3692347194800796,
  "calibrator": {
    "method": "platt",
    "coef": 5.74765989873713,
    "intercept": -3.848774016193638
  },
  "ranker": {
    "knots": [
      2.773657070065383e-05,
      3.6883044231217355e-05,
      4.5092605432728305e-05,
      4.796179200639017e-05,
      5.0898474000860006e-05,
      5.1293147407704964e-05,
      5.3280004067346454e-05,
      5.3900563216302544e-05,
      5.923418211750686e-05,
      5.937981404713355e-05,
      5.961783608654514e-05,
      6.169718108139932e-05,
      7.906517566880211e-05,
      8.226455247495323e-05,
      9.000970021588728e-05,
      9.135755681199953e-05,
      9.277963545173407e-05,
      9.433353261556476e-05,
      9.590083209332079e-05,
      9.793331264518201e-05,
      9.968438826035708e-05,
      0.00010220186231890693,
      0.00010296859545633197,
      0.00010378045408288017,
      0.00010389451927039772,
      0.00010512248263694346,
      0.00010545872646616772,
      0.00011385488323867321,
      0.00011527175229275599,
      0.00011634913244051859,
      0.00011813381570391357,
      0.00011863504187203944,
      0.00011863504187203944,
      0.00011863504187203944,
      0.00011863504187203944,
      0.00011863504187203944,
      0.00011969316255999729,
      0.00012026874901494011,
      0.00012181734200567007,
      0.00012329472519923002,
      0.0001239223638549447,
      0.00012728058209177107,
      0.0001277535775443539,
      0.00012787399464286864,
      0.00012871921353507787,
      0.00012978307495359331,
      0.00013168776058591902,
      0.0001337879366474226,
      0.0001365805510431528,
      0.0001405400107614696,
      0.00014233030378818512,
      0.0001428659015800804,
      0.0001436835591448471,
      0.00014443701365962625,
      0.00014481748803518713,
      0.00015004600572865456,
      0.00015323884144891053,
      0.0001535700139356777,
      0.00015397205424960703,
      0.00015962035104166716,
      0.00016004005738068372,
      0.000165562130860053,
      0.00016976697952486575,
      0.00017139053670689464,
      0.00017207385099027306,
      0.00017210733494721353,
      0.0001722291490295902,
      0.00017317949095740914,
      0.00017777463654056191,
      0.00017858025967143476,
      0.00017930899048224092,
      0.00017976899107452482,
      0.0001797921140678227,
      0.0001805610954761505,
      0.00018107661162503064,
      0.0001844321668613702,
      0.00018605022341944277,
      0.0001866237580543384,
      0.00018999094027094543,
      0.00019007193623110652,
      0.00019010492542292923,
      0.00019197344954591244,
      0.00019281712593510747,
      0.00019281712593510747,
      0.00019333147793076932,
      0.00019370070367585868,
      0.00019400900055188686,
      0.00019478527246974409,
      0.00019545410759747028,
      0.00019987905398011208,
      0.0002011847827816382,
      0.00020179955754429102,
      0.0002038139064097777,
      0.00020414221216924489,
      0.00020774973381776363,
      0.00020775329903699458,
      0.00021036993712186813,
      0.0002121736470144242,
      0.0002216375432908535,
      0.00022291782079264522,
      0.0002231821563327685,
      0.0002253258862765506,
      0.00022615429770667106,
      0.00022749540221411735,
      0.00023167714243754745,
      0.00023228384088724852,
      0.00023340720508713275,
      0.000236008403589949,
      0.00023908226285129786,
      0.00024018992553465068,
      0.00024277133343275636,
      0.0002455822250340134,
      0.00024624340585432947,
      0.00025152278249152005,
      0.00025321744033135474,
      0.0002553742961026728,
      0.0002554203092586249,
      0.00025981213548220694,
      0.0002608225040603429,
      0.0002631349489092827,
      0.00027084871544502676,
      0.0002733244909904897,
      0.00027409251197241247,
      0.0002745389356277883,
      0.0002776405308395624,
      0.00028223797562532127,
      0.00028278527315706015,
      0.00028393237153068185,
      0.00029034624458290637,
      0.0002920116239693016,
      0.00029796245507895947,
      0.000298995990306139,
      0.00030389046878553927,
      0.00030450528720393777,
      0.00030838922248221934,
      0.00031032576225697994,
      0.0003125395451206714,
      0.00031263279379345477,
      0.0003129921678919345,
      0.0003141886554658413,
      0.0003166783426422626,
      0.0003189450071658939,
      0.00032912162714637816,
      0.00034102899371646345,
      0.0003425761533435434,
      0.0003446399059612304,
      0.0003451576048973948,
      0.0003453863610047847,
      0.00034641835372895,
      0.00034803725429810584,
      0.0003492466057650745,
      0.0003500726306810975,
      0.0003512868715915829,
      0.00035448739072307944,
      0.00035742047475650907,
      0.000359784287866205,
      0.000361604179488495,
      0.0003622697840910405,
      0.0003676275664474815,
      0.00036889425246044993,
      0.00037392822559922934,
      0.0003818930417764932,
      0.00038305018097162247,
      0.0003860109718516469,
      0.0003869705833494663,
      0.00038950415910221636,
      0.00039294615271501243,
      0.00039479159750044346,
      0.00039659428875893354,
      0.00039661661139689386,
      0.0003979853936471045,
      0.00040190533036366105,
      0.0004079937352798879,
      0.000415797287132591,
      0.00041786034125834703,
      0.0004198387323413044,
      0.0004246111202519387,
      0.00043067612568847835,
      0.0004331642121542245,
      0.0004363431071396917,
      0.00044772945693694055,
      0.0004488537379074842,
      0.00046633437159471214,
      0.00046638879575766623,
      0.00047019781777635217,
      0.0004714821116067469,
      0.0004721522273030132,
      0.00047389723476953804,
      0.00047886662650853395,
      0.0004789476515725255,
      0.0004810314276255667,
      0.00048345813411287963,
      0.00048542642616666853,
      0.0004915437893941998,
      0.0005022831028327346,
      0.0005041420226916671,
      0.0005047473823651671,
      0.0005049259052611887,
      0.0005073705106042325,
      0.0005150282522663474,
      0.0005208038492128253,
      0.000521007226780057,
      0.0005340477800928056,
      0.0005433376063592732,
      0.0005444311536848545,
      0.0005453122430481017,
      0.0005522362189367414,
      0.0005544535233639181,
      0.0005752947763539851,
      0.000576657650526613,
      0.0005953756044618785,
      0.0005986642208881676,
      0.0005988391349092126,
      0.0006078360602259636,
      0.0006108920788392425,
      0.000616549514234066,
      0.0006168084219098091,
      0.000620080332737416,
      0.0006226861733011901,
      0.0006242629024200141,
      0.0006259775836952031,
