{
  "task": "classification",
  "format": "onnx",
  "preset_name": "default",
  "use_linear": false,
  "n_features_in": 1813,
  "classes": [
    0,
    1
  ],
  "params": {
    "C": 1.0,
    "kernel": "rbf",
    "gamma": "scale",
    "class_weight": "balanced",
    "max_iter": 2950,
    "tol": 0.001,
    "random_state": 42,
    "use_linear": false
  },
  "profile": {
    "n_samples": 590,
    "n_features": 1813,
    "n_p_ratio": 0.32542746828461117,
    "sparsity": 0.4824646853702544,
    "is_sparse_counts": false,
    "binary_feature_fraction": 0.0,
    "feature_signal_strength": 0.07063987696609295,
    "feature_signal_p90": 0.1395918166681216,
    "task": "classification",
    "imbalance_ratio": 9.0,
    "y_skewness": 0.0,
    "y_all_positive": false
  },
  "portfolio_scores": {
    "heuristic": 0.9708641975308642,
    "default": 0.971851851851852,
    "linear": 0.9782716049382716,
    "balanced_rbf": 0.9664197530864198
  },
  "decision_cutoff_raw": 0.40478918597654306,
  "decision_cutoff_raw_source": "oof_balanced_accuracy",
  "decision_cutoff_proba": 0.1066321572323819,
  "decision_cutoff_rank": 0.8709677419354839,
  "decision_cutoff_logit": -2.125613285220993,
  "calibrator": {
    "method": "platt",
    "coef": 6.912861249476208,
    "intercept": -4.9238647631652555
  },
  "ranker": {
    "knots": [
      0.18136946279257624,
      0.1831932932336846,
      0.1883221015770183,
      0.18868721231391733,
      0.18972479047574956,
      0.19185835724111114,
      0.19316156199228326,
      0.1964999151470664,
      0.19676530204446532,
      0.19836254906163703,
      0.199872050828733,
      0.20000579529145662,
      0.2000662669789743,
      0.20087552836345052,
      0.20308764732907789,
      0.20331977970488888,
      0.2041582827169762,
      0.20581103477846072,
      0.20606869667946442,
      0.20675041689365184,
      0.20718021115341667,
      0.20847149198831796,
      0.20851045711430172,
      0.2086767723390349,
      0.20919333779334826,
      0.21005622086822315,
      0.210223430902799,
      0.2115763615041166,
      0.21227904219856708,
      0.2129629378148544,
      0.21301062823137604,
      0.2131288651939897,
      0.21314222742945724,
      0.21371075203197165,
      0.2146097945244227,
      0.21470357792727157,
      0.21470474871096812,
      0.21491917428199497,
      0.21498240260669085,
      0.21518257771289828,
      0.21702009628201388,
      0.21731321925800934,
      0.21764349506213632,
      0.21826935344145837,
      0.21889539788561535,
      0.21966127450989825,
      0.21996111504822713,
      0.2209075292109189,
      0.22115067760691004,
      0.22176334346973228,
      0.22243152548027365,
      0.22254400034128807,
      0.2228640431876249,
      0.22300812884612373,
      0.22307091939012594,
      0.2232494546505643,
      0.22356289540519572,
      0.22362371463003028,
      0.22378373215415245,
      0.2238357724886655,
      0.22448543778730315,
      0.22453227948559043,
      0.2245707636668151,
      0.2249322435394956,
      0.22494040374562432,
      0.22497048629345895,
      0.2251885571613139,
      0.2255498140997117,
      0.22639303787740533,
      0.22648020910599725,
      0.2267299631449548,
      0.22739999310478834,
      0.2274638628713182,
      0.22752261994929485,
      0.22757799064281792,
      0.22773333804569382,
      0.22775227438671455,
      0.227875464809961,
      0.2278999903744038,
      0.22816154477776016,
      0.22831955417534874,
      0.2289696623853981,
      0.22908475717608154,
      0.23048063931232637,
      0.2306919248770244,
      0.2307173033592864,
      0.23076175508428856,
      0.23087370303388138,
      0.23116900765377194,
      0.23119218180589424,
      0.2312566276163692,
      0.23126056736452977,
      0.2315637469519872,
      0.23203618629605954,
      0.23226091600718615,
      0.23257192498037452,
      0.23309380030355178,
      0.23352449095945002,
      0.23366139345544568,
      0.23383122148982569,
      0.23445967331529247,
      0.2346271484416872,
      0.23468403615697717,
      0.23481648381949433,
      0.23507686391884805,
      0.2353343807864797,
      0.2353946897582532,
      0.2354283109651112,
      0.2354447485132348,
      0.23589298268401723,
      0.2359002808167437,
      0.235946139217456,
      0.23622356473609085,
      0.23626989483491231,
      0.2365545689759796,
      0.2367264762585925,
      0.23679578861020767,
      0.23729601566554695,
      0.23751949712858586,
      0.2377579510069214,
      0.23780387079651927,
      0.23801606465386174,
      0.2384744615853995,
      0.23869369457632955,
      0.2387155764593483,
      0.2387623431868636,
      0.23881736239199708,
      0.23907453941377316,
      0.23907938968911624,
      0.24007350332502506,
      0.2400944406543246,
      0.24021881517909002,
      0.2402337349860746,
      0.2403454673652166,
      0.2403747972704527,
      0.24058029042169563,
      0.24069166519003007,
      0.24078031534572547,
      0.24091771280591284,
      0.2412855227161402,
      0.24151011961939076,
      0.24153920140055846,
      0.24178475742538796,
      0.2418615980070507,
      0.24202163610892355,
      0.24208530302138542,
      0.24210083990331388,
      0.24213991830028858,
      0.2422283471728227,
      0.2423907858799051,
      0.24250643766965757,
      0.24288704218052673,
      0.24333332443792183,
      0.24334166176653182,
      0.24334772591895915,
      0.24368596185590996,
      0.24378791913701847,
      0.24384010519412763,
      0.2438676832559551,
      0.24415054346126974,
      0.2443173658276478,
      0.24456151824847874,
      0.24493928514832528,
      0.24500999824655773,
      0.2450423310781236,
      0.24579698662513366,
      0.2458163455698981,
      0.24595764762038738,
      0.2462464103524341,
      0.24638213531820158,
      0.24642082140917373,
      0.24648568354214306,
      0.24656649217035687,
      0.2466126665256667,
      0.24700358892911264,
      0.24725920858638398,
      0.24816596521635692,
      0.2484433317636053,
      0.24844774920557597,
      0.24857922026570078,
      0.24864818164787778,
      0.2489084769764346,
      0.24948321699338885,
      0.24977027128825996,
      0.24980894726361788,
      0.25009129394423674,
      0.25023038791838287,
      0.25032555091277214,
      0.25044677302513885,
      0.2506345711681986,
      0.2506921851207349,
      0.2508468692004869,
      0.25098724691373253,
      0.25118138201024137,
      0.2514765397490872,
      0.2520517125889391,
      0.252159118420169,
      0.25236171966549753,
      0.2524016467689964,
      0.2528585290939139,
      0.2528840023617979,
      0.252985890786163,
      0.25301641586383783,
      0.2531960572229498,
      0.25320008520495085,
      0.25334272501722743,
      0.25392482649695847,
      0.25405964716283663,
      0.25448880054114636,
      0.2545642499350016,
      0.25463877449990063,
      0.25533435821044237,
      0.2553583176570445,
      0.2553630289118223,
      0.2556777181386204,
      0.2556814471011174,
      0.2561333387726996,
      0.2561986515114611,
      0.2562331342963011,
      0.25624433602656294,
      0.2563328314993044,
      0.25694762858923126,
      0.2569502729833301,
      0.2571469653734241,
      0.2571823649921171,
      0.2572235267275553,
      0.25770633979674085,
      0.2577631332317643,
      0.2579782598688005,
      0.2580791248362025,
      0.25813087272631613,
      0.2582378838977598,
      0.25869410585513813,
      0.2586986070594649,
      0.2588586063839537,
      0.25895559537671703,
      0.25898612289722245,
      0.259041769415209,
      0.25912080088150763,
      0.259244832302893,
      0.25971709572399493,
      0.25979728380307865,
      0.259821763393044,
      0.2600135932898489,
      0.2601784009901303,
      0.26018653020179244,
      0.26024918371252403,
      0.2604303856345248,
      0.2606909099202209,
      0.26077718867195815,
