{
  "task": "classification",
  "format": "onnx",
  "preset_name": "default",
  "best_iteration": 99,
  "params": {
    "tree_method": "hist",
    "device": "cpu",
    "learning_rate": 0.3,
    "max_depth": 6,
    "min_child_weight": 1,
    "subsample": 1.0,
    "colsample_bytree": 1.0,
    "reg_alpha": 0.0,
    "reg_lambda": 1.0,
    "max_bin": 256,
    "n_estimators": 2000,
    "early_stopping_rounds": 50,
    "nthread": 64,
    "objective": "binary:logistic",
    "scale_pos_weight": 9.0,
    "eval_metric": "auc"
  },
  "profile": {
    "n_samples": 590,
    "n_features": 1813,
    "n_p_ratio": 0.32542746828461117,
    "sparsity": 0.4824646853702544,
    "is_sparse_counts": false,
    "binary_feature_fraction": 0.0,
    "feature_signal_strength": 0.07063987696609295,
    "feature_signal_p90": 0.1395918166681216,
    "task": "classification",
    "imbalance_ratio": 9.0,
    "y_skewness": 0.0,
    "y_all_positive": false
  },
  "portfolio_scores": {
    "flaml": NaN,
    "autogluon": NaN,
    "heuristic": 0.9700918964076859,
    "default": 0.9560568086883876
  },
  "decision_cutoff_raw": 0.30511608719825745,
  "decision_cutoff_raw_source": "oof_balanced_accuracy",
  "decision_cutoff_proba": 0.14939594296622705,
  "decision_cutoff_rank": 0.9083191850594228,
  "decision_cutoff_logit": -1.7393466356061573,
  "calibrator": {
    "method": "platt",
    "coef": 5.3300120868324505,
    "intercept": -3.3656190682598934
  },
  "ranker": {
    "knots": [
      0.00012659523054026067,
      0.00013235220103524625,
      0.00013258260150905699,
      0.00014896882930770516,
      0.000151244574226439,
      0.00015193058061413467,
      0.00015201259520836174,
      0.00015765965508762747,
      0.0001601631083758548,
      0.00016477798635605723,
      0.00016670538752805442,
      0.00018346731667406857,
      0.00022185614216141403,
      0.00022417129366658628,
      0.00022464180074166507,
      0.00022545826504938304,
      0.00023168663028627634,
      0.0002348326815990731,
      0.0002441787801217288,
      0.00025311316130682826,
      0.00025456989533267915,
      0.00026137367240153253,
      0.0002679116150829941,
      0.0002693070564419031,
      0.0002747536636888981,
      0.00028454046696424484,
      0.00028584859683178365,
      0.0002931505732703954,
      0.0002938784018624574,
      0.00029551415354944766,
      0.00030233399593271315,
      0.0003060410963371396,
      0.00031778073753230274,
      0.0003193646261934191,
      0.00032247122726403177,
      0.00032271636882796884,
      0.0003282426914665848,
      0.0003303243138361722,
      0.00033126064226962626,
      0.0003392170474398881,
      0.00034156194305978715,
      0.00034418233553878963,
      0.00034557312028482556,
      0.0003474100667517632,
      0.00034968400723300874,
      0.0003527486987877637,
      0.00035509502049535513,
      0.00035778217716142535,
      0.00036171346437186003,
      0.00036521919537335634,
      0.00036623430787585676,
      0.0003662623930722475,
      0.0003692200407385826,
      0.00036982487654313445,
      0.0003873003297485411,
      0.000389227265259251,
      0.00039276789175346494,
      0.0004064494860358536,
      0.0004077466146554798,
      0.00040895360871218145,
      0.0004125266568735242,
      0.00042164622573181987,
      0.0004218583053443581,
      0.0004221678536850959,
      0.0004322676977608353,
      0.00043824288877658546,
      0.00043950340477749705,
      0.00044019901542924345,
      0.0004449122934602201,
      0.0004483731172513217,
      0.000448717299150303,
      0.0004558518121484667,
      0.0004584557900670916,
      0.0004598544037435204,
      0.0004623329150490463,
      0.0004661083803512156,
      0.0004665991582442075,
      0.00047019761404953897,
      0.00047210478805936873,
      0.00047738899593241513,
      0.0004799391026608646,
      0.0004826574004255235,
      0.0004915081663057208,
      0.0004928879789076746,
      0.0004991376190446317,
      0.000499556481372565,
      0.00049977982416749,
      0.0005018810625188053,
      0.000501933740451932,
      0.0005070006591267884,
      0.0005129057681187987,
      0.0005134893581271172,
      0.000516925472766161,
      0.0005192444659769535,
      0.0005200101877562702,
      0.000526599062141031,
      0.0005362896481528878,
      0.0005422560498118401,
      0.0005426991847343743,
      0.000554483849555254,
      0.0005551009671762586,
      0.0005583298625424504,
      0.0005607907078228891,
      0.0005712587735615671,
      0.0005742828943766654,
      0.000574747275095433,
      0.0005806349217891693,
      0.0005817325436510146,
      0.0005880413227714598,
      0.0005883594858460128,
      0.0005906324367970228,
      0.0005955191445536911,
      0.0005967543693259358,
      0.0005975491949357092,
      0.0006031779921613634,
      0.0006103575578890741,
      0.0006115949945524335,
      0.0006129491375759244,
      0.0006148078828118742,
      0.000628229056019336,
      0.0006291202735155821,
      0.0006295101484283805,
      0.0006328319432213902,
      0.0006338637904264033,
      0.0006341623375192285,
      0.0006382819265127182,
      0.0006429973873309791,
      0.000646718661300838,
      0.0006479407893493772,
      0.0006564701325260103,
      0.0006667442503385246,
      0.0006734516937285662,
      0.000684509810525924,
      0.0006875640829093754,
      0.0006907398928888142,
      0.0006959792226552963,
      0.0006979798781685531,
      0.0007069261046126485,
      0.000708248873706907,
      0.0007143529946915805,
      0.0007179955719038844,
      0.0007189644384197891,
      0.0007278044940903783,
      0.0007370126550085843,
      0.000737096241209656,
      0.0007379698799923062,
      0.0007455098093487322,
      0.0007492436561733484,
      0.0007514721364714205,
      0.000756426714360714,
      0.0007569967419840395,
      0.0007674123044125736,
      0.0007691713399253786,
      0.000769571983255446,
      0.0007702975999563932,
      0.0007716063992120326,
      0.0007759084110148251,
      0.0007829566020518541,
      0.0007915647584013641,
      0.0008003066759556532,
      0.0008037718362174928,
      0.0008049177122302353,
      0.0008117355755530298,
      0.0008117355755530298,
      0.0008214293047785759,
      0.0008282724884338677,
      0.0008408309076912701,
      0.0008470284519717097,
      0.0008492189808748662,
      0.0008534863591194153,
      0.0008537677931599319,
      0.0008559695561416447,
      0.000856631260830909,
      0.0008583217859268188,
      0.0008631417877040803,
      0.0008649806841276586,
      0.0008682862389832735,
      0.000873548211529851,
      0.000877354119438678,
      0.0008777847397141159,
      0.0008845911943353713,
      0.0008863612893037498,
      0.000893599702976644,
      0.0009020898723974824,
      0.0009223545785062015,
      0.0009255894692614675,
      0.0009304583654738963,
      0.0009308791486546397,
      0.0009315729257650673,
      0.0009342559496872127,
      0.0009390003979206085,
      0.0009430593345314264,
      0.0009578075842000544,
      0.0009627054096199572,
      0.000964062986895442,
      0.0009696951601654291,
      0.0009704483672976494,
      0.0009712091996334493,
      0.000977909192442894,
      0.0009798882529139519,
      0.000984651269391179,
      0.0009927847422659397,
      0.0010031472193077207,
      0.0010032878490164876,
      0.0010033422149717808,
      0.001005763653665781,
      0.0010071698343381286,
      0.0010140723315998912,
      0.0010148943401873112,
      0.0010172664187848568,
      0.0010177623480558395,
      0.0010284524178132415,
      0.0010361637687310576,
      0.0010448029497638345,
      0.0010576985077932477,
      0.0010620665270835161,
      0.0010648693423718214,
      0.0010721056023612618,
      0.0010726915206760168,
      0.0010745212202891707,
      0.0010857426095753908,
      0.00110074772965163,
      0.001101443194784224,
      0.001109954435378313,
