{
    "portfolio": [
        "lr",
        "xgb",
        "rf",
        "svc"
    ],
    "max_batch_size": 100000,
    "max_imbalance_ratio": 100,
    "num_batches": 1,
    "population_prior": 0.1,
    "batch_priors": [
        0.1
    ],
    "decision_cutoff_raw": 0.1336366782554026,
    "decision_cutoff_proba": 0.06711144991006443,
    "decision_cutoff_rank": 0.8109645131938126,
    "decision_cutoff_logit": -2.6319310715177933,
    "decision_cutoff_lift": 0.6711144991006442
}