{
    "portfolio": [
        "lr",
        "xgb",
        "rf",
        "svc"
    ],
    "max_batch_size": 100000,
    "max_imbalance_ratio": 100,
    "num_batches": 1,
    "population_prior": 0.1,
    "batch_priors": [
        0.1
    ],
    "decision_cutoff_raw": 0.23303449125225234,
    "decision_cutoff_proba": 0.06245003710404537,
    "decision_cutoff_rank": 0.8378127896200185,
    "decision_cutoff_logit": -2.708903219468741,
    "decision_cutoff_lift": 0.6245003710404536
}