{
    "portfolio": [
        "xgb",
        "rf",
        "svc"
    ],
    "max_batch_size": 100000,
    "max_imbalance_ratio": 100,
    "num_batches": 1,
    "population_prior": 0.1,
    "batch_priors": [
        0.1
    ],
    "decision_cutoff_raw": 0.28690241154785184,
    "decision_cutoff_proba": 0.05767443114211856,
    "decision_cutoff_rank": 0.6642814549791294,
    "decision_cutoff_logit": -2.7935368885152934,
    "decision_cutoff_lift": 0.5767443114211855
}