{
  "n_components": 45,
  "n_features_in": 2048,
  "n_cal_knots": 200,
  "cal_min": 2.035893440246582,
  "cal_max": 19.489967346191406,
  "scaler": "standard"
}