{
  "n_components": 14,
  "n_features_in": 217,
  "n_cal_knots": 200,
  "cal_min": 1.2502104043960571,
  "cal_max": 17.638513565063477,
  "scaler": "standard"
}