{
    "portfolio": [
        "lr",
        "xgb",
        "rf",
        "svc"
    ],
    "max_batch_size": 100000,
    "max_imbalance_ratio": 100,
    "num_batches": 1,
    "population_prior": 0.1,
    "batch_priors": [
        0.1
    ],
    "decision_cutoff_raw": 0.12421418055940397,
    "decision_cutoff_proba": 0.06281302794755439,
    "decision_cutoff_rank": 0.8122928592949683,
    "decision_cutoff_logit": -2.702720302258068,
    "decision_cutoff_lift": 0.6281302794755439
}