{
  "mode": "slow",
  "descriptor_types": [
    "chemeleon",
    "clamp",
    "rdkit"
  ],
  "n_compounds": 1034,
  "n_actives": 50,
  "ratio_actives": 0.048355899419729204,
  "population_prior": 0.048355899419729204,
  "portfolio": [
    "lr",
    "xgb",
    "rf",
    "svc"
  ],
  "num_batches": {
    "chemeleon": 1,
    "clamp": 1,
    "rdkit": 1
  },
  "decision_cutoff_raw": 0.14497770621755654,
  "decision_cutoff_proba": 0.04072294138578627,
  "decision_cutoff_rank": 0.8811982359901044,
  "oof_aucs": {
    "chemeleon": 0.9551422764227642,
    "clamp": 0.9706707317073171,
    "rdkit": 0.9535772357723576
  },
  "proxy_aucs": {
    "chemeleon": 0.9315243902439024,
    "clamp": 0.9318495934959349,
    "rdkit": 0.9238414634146341
  },
  "train_aucs": {
    "chemeleon": 1.0,
    "clamp": 1.0,
    "rdkit": 1.0
  },
  "quality_aucs": {
    "chemeleon": 0.9102845528455283,
    "clamp": 0.9413414634146342,
    "rdkit": 0.9071544715447153
  },
  "active_descriptors": {
    "chemeleon": true,
    "clamp": true,
    "rdkit": true
  },
  "ad_hard_cutoffs": {
    "chemeleon": 0.05325000733137131,
    "clamp": 0.05000000074505806,
    "rdkit": 0.05325000733137131
  },
  "rank_error_curves": {
    "chemeleon": [
      [
        0.07876866085550228,
        0.1233582016198658,
        0.16084637133834456,
        0.1886976031839825,
        0.21705437422701956,
        0.24711981203751476,
        0.2728396757572921,
        0.30207090777945017,
        0.33968998100227815,
        0.36958873332235553,
        0.40650170399254487,
        0.4424753815987246,
        0.4820333037073703,
        0.5341840974351727,
        0.5750160787381082,
        0.641334958172095,
        0.7031695591286342,
        0.7835835802505006,
        0.9322119662644955,
        1.0
      ],
      [
        0.020656086544266174,
        0.02115837983023978,
        0.021622097909573947,
        0.021950450298833583,
        0.021954231570543072,
        0.022444356902350027,
        0.022674847372373526,
        0.023181363312302555,
        0.023796499700103262,
        0.023985673246118902,
        0.024158039473241997,
        0.02453188850940876,
        0.025679109818305734,
        0.025939859063199653,
        0.028329763258167173,
        0.031950348064989274,
        0.03803496967840836,
        0.048762299695697425,
        0.2352057950088042,
        0.3479283404829011
      ]
    ],
    "clamp": [
      [
        0.06878513762041698,
        0.1227473523287024,
        0.15567558517723623,
        0.19942801043254782,
        0.240585426470123,
        0.27373148782812784,
        0.31066421712987724,
        0.34521494058312785,
        0.38276210757429346,
        0.41979689195075376,
        0.45917515477332915,
        0.49985607279022526,
        0.5363778312640474,
        0.5744560692591756,
        0.6217864911237384,
        0.6754176709241898,
        0.7168657113175354,
        0.775842935114601,
        0.9692961353840218,
        0.9991008028845408
      ],
      [
        0.019573745669294755,
        0.02007214401950712,
        0.020491919117772404,
        0.020866054515597848,
        0.021317269983254405,
        0.021714481219147874,
        0.021970415547887596,
        0.022141331035060254,
        0.022643612912885594,
        0.022937255182034263,
        0.02313890630569089,
        0.023794011842561663,
        0.024019788010254107,
        0.024342069510862378,
        0.025102239401646697,
        0.025994217063834656,
        0.027103526803261307,
        0.034151749400865156,
        0.25302807046629566,
        0.3309847125309968
      ]
    ],
    "rdkit": [
      [
        0.1517733278917119,
        0.19127071197073975,
        0.22889583386120138,
        0.26316947646255845,
        0.28956587700635383,
        0.31948802701187856,
        0.34529281235766807,
        0.379544875427794,
        0.405559107559042,
        0.4358086939136401,
        0.46557531856163725,
        0.49868064191496925,
        0.5401353397356393,
        0.575655997164952,
        0.6126842145025707,
        0.6655679978823524,
        0.7398849246788868,
        0.8069482170297906,
        0.9442580374373477,
        1.0
      ],
      [
        0.019922083159448958,
        0.020772645406262103,
        0.021262201542714916,
        0.021414592658583507,
        0.021587122324741758,
        0.022354095281674206,
        0.022565705880823222,
        0.02330761757650741,
        0.02388329355704272,
        0.024832201219243136,
        0.024978618327280943,
        0.025346072411080642,
        0.026363092649362988,
        0.026934619246517962,
        0.02681672112951011,
        0.03076583929663528,
        0.03246271941729066,
        0.037817990072322,
        0.22178752489482217,
        0.3344348919562475
      ]
    ]
  },
  "decision_cutoff_logit": -3.159388332764774,
  "decision_cutoff_lift": 0.8421504278580602
}