{
    "portfolio": [
        "lr",
        "xgb",
        "rf",
        "svc"
    ],
    "max_batch_size": 100000,
    "max_imbalance_ratio": 100,
    "num_batches": 1,
    "population_prior": 0.1,
    "batch_priors": [
        0.1
    ],
    "decision_cutoff_raw": 0.1304426487038141,
    "decision_cutoff_proba": 0.05358926849039329,
    "decision_cutoff_rank": 0.8417516218721037,
    "decision_cutoff_logit": -2.87132781859611,
    "decision_cutoff_lift": 0.5358926849039328
}