{
    "portfolio": [
        "xgb",
        "rf"
    ],
    "max_batch_size": 100000,
    "max_imbalance_ratio": 100,
    "num_batches": 1,
    "population_prior": 0.01094677028495028,
    "batch_priors": [
        0.01094677028495028
    ],
    "decision_cutoff_raw": 0.04746724650338308,
    "decision_cutoff_proba": 0.005472187349674514,
    "decision_cutoff_rank": 0.9200309740328947,
    "decision_cutoff_logit": -5.2025896467556,
    "decision_cutoff_lift": 0.49989058025614436
}