{
    "portfolio": [
        "lr",
        "xgb",
        "rf",
        "svc"
    ],
    "max_batch_size": 100000,
    "max_imbalance_ratio": 100,
    "num_batches": 1,
    "population_prior": 0.1,
    "batch_priors": [
        0.1
    ],
    "decision_cutoff_raw": 0.2794243201133656,
    "decision_cutoff_proba": 0.08903163614720762,
    "decision_cutoff_rank": 0.8777589134125636,
    "decision_cutoff_logit": -2.3255164009228446,
    "decision_cutoff_lift": 0.8903163614720762
}