{
    "portfolio": [
        "xgb",
        "rf",
        "svc"
    ],
    "max_batch_size": 100000,
    "max_imbalance_ratio": 100,
    "num_batches": 1,
    "population_prior": 0.1,
    "batch_priors": [
        0.1
    ],
    "decision_cutoff_raw": 0.297819687216153,
    "decision_cutoff_proba": 0.06260303847251293,
    "decision_cutoff_rank": 0.7091552857865454,
    "decision_cutoff_logit": -2.706293029272563,
    "decision_cutoff_lift": 0.6260303847251293
}