{
    "portfolio": [
        "lr",
        "xgb",
        "rf",
        "svc"
    ],
    "max_batch_size": 100000,
    "max_imbalance_ratio": 100,
    "num_batches": 1,
    "population_prior": 0.2299168975069252,
    "batch_priors": [
        0.2299168975069252
    ],
    "decision_cutoff_raw": 0.28888673894814443,
    "decision_cutoff_proba": 0.19313407148942033,
    "decision_cutoff_rank": 0.6979166666666667,
    "decision_cutoff_logit": -1.4297729001309085,
    "decision_cutoff_lift": 0.84001686515278
}