{
  "mode": "slow",
  "descriptor_types": [
    "chemeleon",
    "morgan"
  ],
  "n_compounds": 719,
  "n_actives": 155,
  "ratio_actives": 0.21557719054242003,
  "population_prior": 0.21557719054242003,
  "portfolio": [
    "lr",
    "xgb",
    "rf",
    "svc"
  ],
  "num_batches": {
    "chemeleon": 1,
    "morgan": 1
  },
  "decision_cutoff_raw": 0.3461526649937947,
  "decision_cutoff_proba": 0.21060297580785592,
  "decision_cutoff_rank": 0.7250174094175843,
  "oof_aucs": {
    "chemeleon": 0.9168954472660719,
    "morgan": 0.9297586364676276
  },
  "proxy_aucs": {
    "chemeleon": 0.9112617250057194,
    "morgan": 0.9023106840539922
  },
  "train_aucs": {
    "chemeleon": 1.0,
    "morgan": 0.9999142072752231
  },
  "quality_aucs": {
    "chemeleon": 0.8337908945321437,
    "morgan": 0.8596030656600321
  },
  "active_descriptors": {
    "chemeleon": true,
    "morgan": true
  },
  "ad_hard_cutoffs": {
    "chemeleon": 0.05000000074505806,
    "morgan": 0.05000000074505806
  },
  "rank_error_curves": {
    "chemeleon": [
      [
        0.18836579675472287,
        0.24402075815168495,
        0.26693824776589603,
        0.29060391133434427,
        0.3071628804857994,
        0.3268125747026868,
        0.3591152652593967,
        0.3775599138575054,
        0.3941340902281288,
        0.4226279301088715,
        0.4645382509658499,
        0.5057977477736181,
        0.5458330040524332,
        0.5884998726949854,
        0.6495401966309838,
        0.7553256823469154,
        0.838906625301163,
        0.8933261147473682,
        0.9624445817319969,
        0.9936970576885357
      ],
      [
        0.0718157049764569,
        0.07295198700620031,
        0.07262755915841732,
        0.07361972892271147,
        0.07433084730373829,
        0.07464997591639233,
        0.08957747173638059,
        0.0977476363673071,
        0.09364010434174387,
        0.10160781834671316,
        0.12218791192836224,
        0.1268318495960323,
        0.1263301986345774,
        0.1390596184378851,
        0.22998590472859343,
        0.3963402579276613,
        0.41786717100080856,
        0.37850621667524037,
        0.3149167660542001,
        0.2937298750792023
      ]
    ],
    "morgan": [
      [
        0.046037142543045806,
        0.12870060804764327,
        0.16635461094810078,
        0.19478733342494292,
        0.22083962048100372,
        0.24205854053231043,
        0.269499838748503,
        0.3042238208735144,
        0.3422250162824233,
        0.3783141401273829,
        0.41852421169110715,
        0.46807528163759704,
        0.5310103993315771,
        0.5776324606141048,
        0.647556284032309,
        0.8331566655316932,
        0.8827349067720324,
        0.9275408009987008,
        0.9567403677607139,
        0.9937790134948917
      ],
      [
        0.04747260171266494,
        0.04868075405642693,
        0.050170657526079146,
        0.0516650692670476,
        0.052931849307750765,
        0.05551835668847955,
        0.056740945556500035,
        0.06008096432209362,
        0.06146178225371424,
        0.06402467847751206,
        0.0679266597298179,
        0.07281565040980534,
        0.08040935324639419,
        0.09032881855094811,
        0.12682285911666022,
        0.34397923396842817,
        0.26849593114661346,
        0.20909155675961472,
        0.18626095846093907,
        0.16732293370751286
      ]
    ]
  },
  "decision_cutoff_logit": -1.321294663771373,
  "decision_cutoff_lift": 0.9769260619732155
}