{
    "portfolio": [
        "xgb",
        "rf",
        "svc"
    ],
    "max_batch_size": 100000,
    "max_imbalance_ratio": 100,
    "num_batches": 1,
    "population_prior": 0.2299168975069252,
    "batch_priors": [
        0.2299168975069252
    ],
    "decision_cutoff_raw": 0.4363576081273998,
    "decision_cutoff_proba": 0.2378941097131695,
    "decision_cutoff_rank": 0.5888888888888889,
    "decision_cutoff_logit": -1.1642598521682004,
    "decision_cutoff_lift": 1.0346960675476409
}