{
    "portfolio": [
        "lr",
        "xgb",
        "rf",
        "svc"
    ],
    "max_batch_size": 100000,
    "max_imbalance_ratio": 100,
    "num_batches": 1,
    "population_prior": 0.1,
    "batch_priors": [
        0.1
    ],
    "decision_cutoff_raw": 0.29831708182072864,
    "decision_cutoff_proba": 0.15342861289231177,
    "decision_cutoff_rank": 0.8645958986731002,
    "decision_cutoff_logit": -1.7079591338384628,
    "decision_cutoff_lift": 1.5342861289231176
}