{
    "portfolio": [
        "lr",
        "xgb",
        "rf",
        "svc"
    ],
    "max_batch_size": 100000,
    "max_imbalance_ratio": 100,
    "num_batches": 1,
    "population_prior": 0.1,
    "batch_priors": [
        0.1
    ],
    "decision_cutoff_raw": 0.2955671915886948,
    "decision_cutoff_proba": 0.11852975970893666,
    "decision_cutoff_rank": 0.8657056145675266,
    "decision_cutoff_logit": -2.0064271751330454,
    "decision_cutoff_lift": 1.1852975970893664
}