{
  "mode": "slow",
  "descriptor_types": [
    "chemeleon",
    "clamp",
    "rdkit"
  ],
  "n_compounds": 920,
  "n_actives": 92,
  "ratio_actives": 0.1,
  "population_prior": 0.1,
  "portfolio": [
    "lr",
    "xgb",
    "rf",
    "svc"
  ],
  "num_batches": {
    "chemeleon": 1,
    "clamp": 1,
    "rdkit": 1
  },
  "decision_cutoff_raw": 0.3760271655393778,
  "decision_cutoff_proba": 0.19324661034586685,
  "decision_cutoff_rank": 0.8849292709466812,
  "oof_aucs": {
    "chemeleon": 0.9906007141356857,
    "clamp": 0.9967181264440244,
    "rdkit": 0.9958385843310229
  },
  "proxy_aucs": {
    "chemeleon": 0.9793373240915774,
    "clamp": 0.981949695442134,
    "rdkit": 0.9757666456626758
  },
  "train_aucs": {
    "chemeleon": 0.9999540537702163,
    "clamp": 0.9999671812644403,
    "rdkit": 0.9999934362528881
  },
  "quality_aucs": {
    "chemeleon": 0.9812473745011552,
    "clamp": 0.9934690716236084,
    "rdkit": 0.9916837324091577
  },
  "active_descriptors": {
    "chemeleon": true,
    "clamp": true,
    "rdkit": true
  },
  "ad_hard_cutoffs": {
    "chemeleon": 0.05000000074505806,
    "clamp": 0.05000000074505806,
    "rdkit": 0.05000000074505806
  },
  "rank_error_curves": {
    "chemeleon": [
      [
        0.03233479595550111,
        0.08662674724170714,
        0.11496606377170232,
        0.1428739171458173,
        0.16936967022374275,
        0.1994939391761162,
        0.2257580958401539,
        0.25670005160411974,
        0.29571192131813,
        0.3274606294478244,
        0.3581185720998258,
        0.3890188640688041,
        0.4301048922173571,
        0.47823196483891656,
        0.5274096297605093,
        0.5952236661826955,
        0.676957494102725,
        0.8636991321526745,
        0.9800118768778114,
        0.9968134935017139
      ],
      [
        0.014582748473529257,
        0.014930824967894949,
        0.0153329726221808,
        0.015438837861222446,
        0.015644429269399865,
        0.016092441928785672,
        0.016360248271573005,
        0.016755031171445632,
        0.017039093478681006,
        0.018129385927274807,
        0.018758882752990435,
        0.018660364217503497,
        0.019010489318846264,
        0.021088456965882192,
        0.021030555767857857,
        0.02361747470327116,
        0.029501852066427973,
        0.13800137694386616,
        0.14007012771091557,
        0.12208595389706278
      ]
    ],
    "clamp": [
      [
        0.021263701606507375,
        0.07674395011897006,
        0.11370308291864052,
        0.1411497685189728,
        0.16935231059643713,
        0.2072455733297303,
        0.23599041817389543,
        0.2731545013102523,
        0.3101741949907895,
        0.3415795175940851,
        0.3835535827990173,
        0.41608923947773474,
        0.44810718225344215,
        0.49281002256096273,
        0.5269023040224551,
        0.5703738982521837,
        0.6498921583054391,
        0.8673643966147113,
        0.9795948879873929,
        0.9955542401168243
      ],
      [
        0.014985660656260433,
        0.015645355923072216,
        0.016096881607312853,
        0.01626946679160259,
        0.01663515813823405,
        0.01692248199095457,
        0.01723519547498272,
        0.017631246617560208,
        0.01780677156098437,
        0.018375772265000152,
        0.018710338289949276,
        0.018902932473328662,
        0.019258979403694768,
        0.019891819755287445,
        0.02008969777713423,
        0.021282329920357793,
        0.03036614313239251,
        0.16710514836540682,
        0.14413818204866397,
        0.1330242960602135
      ]
    ],
    "rdkit": [
      [
        0.06359910229174849,
        0.12170743979496715,
        0.15188886902511417,
        0.17942064119901902,
        0.20546547964861459,
        0.23314576784218602,
        0.25485390355855075,
        0.28772237281696567,
        0.3184577437699664,
        0.34318180716835306,
        0.3673078202542671,
        0.39082497092903645,
        0.43012498990971193,
        0.4583843545197266,
        0.5012259755308788,
        0.5615704951770054,
        0.6864819953656678,
        0.8689578503871436,
        0.9699938467463038,
        0.998853202002689
      ],
      [
        0.012741620091623546,
        0.012818570060878729,
        0.012943744932504447,
        0.012982158707553716,
        0.01308106244047647,
        0.013318970880541741,
        0.013542070119525058,
        0.013669689181983014,
        0.014347998528451247,
        0.014936401864156474,
        0.01546704391718773,
        0.015886019695434822,
        0.019305691986332963,
        0.016688665369293684,
        0.02127374174200765,
        0.02319570785248681,
        0.02687527304550531,
        0.14439112185837671,
        0.1546653890222693,
        0.10355303482451635
      ]
    ]
  },
  "decision_cutoff_logit": -1.4290508854803188,
  "decision_cutoff_lift": 1.9324661034586683
}