{
  "n_components": 45,
  "n_features_in": 2048,
  "n_cal_knots": 200,
  "cal_min": 3.015726327896118,
  "cal_max": 18.377824783325195,
  "scaler": "standard"
}