{
    "portfolio": [
        "lr",
        "xgb",
        "rf",
        "svc"
    ],
    "max_batch_size": 100000,
    "max_imbalance_ratio": 100,
    "num_batches": 1,
    "population_prior": 0.1,
    "batch_priors": [
        0.1
    ],
    "decision_cutoff_raw": 0.2406442474637634,
    "decision_cutoff_proba": 0.08224299985659808,
    "decision_cutoff_rank": 0.8510186757215619,
    "decision_cutoff_logit": -2.412254371956492,
    "decision_cutoff_lift": 0.8224299985659808
}