{
  "task": "classification",
  "format": "onnx",
  "preset_name": "linear",
  "use_linear": true,
  "n_features_in": 1798,
  "classes": [
    0,
    1
  ],
  "params": {
    "C": 1.0,
    "class_weight": "balanced",
    "max_iter": 3300,
    "tol": 0.001,
    "random_state": 42,
    "use_linear": true
  },
  "profile": {
    "n_samples": 660,
    "n_features": 1798,
    "n_p_ratio": 0.3670745272525028,
    "sparsity": 0.4467539690565275,
    "is_sparse_counts": false,
    "binary_feature_fraction": 0.0011123470522803114,
    "feature_signal_strength": 0.10591452697786898,
    "feature_signal_p90": 0.23636226093126556,
    "task": "classification",
    "imbalance_ratio": 9.0,
    "y_skewness": 0.0,
    "y_all_positive": false
  },
  "portfolio_scores": {
    "heuristic": 0.9269135802469136,
    "default": 0.9214814814814815,
    "linear": 0.9723456790123457,
    "balanced_rbf": 0.9195061728395062
  },
  "decision_cutoff_raw": 0.427525924725629,
  "decision_cutoff_raw_source": "oof_balanced_accuracy",
  "decision_cutoff_proba": 0.1775571541274852,
  "decision_cutoff_rank": 0.8694992412746586,
  "decision_cutoff_logit": -1.5329864397536066,
  "calibrator": {
    "method": "platt",
    "coef": 7.133984666847404,
    "intercept": -4.582949831426001
  },
  "ranker": {
    "knots": [
      0.008232527281772055,
      0.009093953771153684,
      0.010445270511675899,
      0.015564494176109325,
      0.02299818204533136,
      0.02317188058223955,
      0.026196831157509946,
      0.026919162550324983,
      0.02726273525893548,
      0.027805595371045707,
      0.029825327551606842,
      0.03049385449826117,
      0.032562847683114994,
      0.03303077640752037,
      0.03434531795701868,
      0.03535987617706523,
      0.03544489672418378,
      0.036270574255173,
      0.03641710329620681,
      0.03827965356917439,
      0.0389547743624579,
      0.03970020848952233,
      0.04073770219113552,
      0.04175979985508079,
      0.04280536142829863,
      0.043366452823842216,
      0.043996853598115865,
      0.04460018997491165,
      0.04547810473615991,
      0.045638959141966515,
      0.04633923258764762,
      0.04714596229653899,
      0.04733614334180627,
      0.04801559105615371,
      0.04889784875776502,
      0.05146219207490326,
      0.052066342267574346,
      0.05332852270475546,
      0.05378004308840487,
      0.05381777942968208,
      0.054436626377710344,
      0.05448165101576414,
      0.05454281660730413,
      0.05518160747743308,
      0.056132667736595365,
      0.05638423826652102,
      0.05640633805239719,
      0.056584469493730485,
      0.05737028457426657,
      0.057506539312064564,
      0.05779159194394088,
      0.05844722344586931,
      0.058951725465630225,
      0.05896329369441458,
      0.0597687422356107,
      0.06107872871740963,
      0.06278842609257071,
      0.06280827326910327,
      0.0629771993568648,
      0.06320102127089389,
      0.0637716652706318,
      0.06397451208423709,
      0.06481613600148232,
      0.06492090387066617,
      0.06548669777894371,
      0.06576801790215238,
      0.0657813173788664,
      0.06777191900117643,
      0.06806342853561831,
      0.06832795381931288,
      0.06834246765234377,
      0.06857177749290888,
      0.06901897088602776,
      0.06916760526638369,
      0.06923976082595716,
      0.0694022266720051,
      0.06970420699484225,
      0.06994663509365419,
      0.07067650050159231,
      0.07183556322254588,
      0.0721155205762475,
      0.07248521388529311,
      0.07273645362457144,
      0.07337418488721759,
      0.07343006862016216,
      0.07355402783823511,
      0.07359723627141958,
      0.07371508960055816,
      0.07377241064224882,
      0.073906639005118,
      0.07490384801976346,
      0.07521075733108598,
      0.07530543231278954,
      0.07542163003650434,
      0.07550394154208093,
      0.07593612198314541,
      0.07610361894798703,
      0.07611816505631272,
      0.07642480763961393,
      0.07653172221014783,
      0.0767869254895467,
      0.07699935096391791,
      0.07704467237924069,
      0.07750895074993924,
      0.07757918319748056,
      0.07777268123734596,
      0.07891898807832293,
      0.07905766496250992,
      0.07954150411679119,
      0.07988967379543915,
      0.08017215165776227,
      0.08071598888060386,
      0.08107182684385876,
      0.08152600884967502,
      0.08174044426536285,
      0.08196880402536325,
      0.08352793062116415,
      0.08355560627990735,
      0.08357145519585697,
      0.0838258700058426,
      0.08426606929997268,
      0.08470473007593232,
      0.0853587869609865,
      0.0853924962646697,
      0.08549950094291361,
      0.08552238217881529,
      0.08563052521645996,
      0.08573782858691631,
      0.0858068480659572,
      0.08594693423634679,
      0.08615302621431721,
      0.087824572707821,
      0.08838227229062201,
      0.08858929033362736,
      0.08902719504287988,
      0.08952783329479179,
      0.0898683138991328,
      0.08986966121307553,
      0.08994351794951633,
      0.09071962069347696,
      0.09076076898729844,
      0.09104032853574197,
      0.09129342756592336,
      0.09143238088311836,
      0.09145351579212618,
      0.09156007907046038,
      0.09222169175921115,
      0.09288743268754758,
      0.0930495820854337,
      0.09308967556245376,
      0.09316663267537319,
      0.09322299031541363,
      0.0933723855051744,
      0.09403914182732252,
      0.09433918139343304,
      0.09493584274715017,
      0.09522267465976315,
      0.09681470100808458,
      0.09695809540455103,
      0.09767259928834568,
      0.09789812352882388,
      0.09803371266141851,
      0.09823491862344502,
      0.09826777720174092,
      0.09850711659146727,
      0.09889815458320421,
      0.09899953900055218,
      0.0991859438210708,
      0.09932437339385375,
      0.10022561599139047,
      0.10094762104008918,
      0.10137003892557032,
      0.10143876743951956,
      0.10147831579437086,
      0.1021169315034874,
      0.10224514008700318,
      0.10242766951531462,
      0.10292740995516626,
      0.10319381962108047,
      0.10344756651929682,
      0.10347742703705168,
      0.10365970673832105,
      0.10367102395503205,
      0.10372441449024408,
      0.10390436116375498,
      0.10485947530191175,
      0.10489727406387903,
      0.10490608163127914,
      0.10497974612720379,
      0.10504957280243388,
      0.10545288321216902,
      0.10559256779197317,
      0.10681280054496875,
      0.10699550389865338,
      0.10704464512001313,
      0.10737925142653448,
      0.10786811536546388,
      0.10797814336223896,
      0.10822548391107889,
      0.10825470280799379,
      0.10831720202482777,
      0.10908409070379096,
      0.1093883295285941,
      0.10952167878312262,
      0.11027684150096813,
      0.11113389695824404,
      0.11168551736521493,
      0.11226239098019558,
      0.11302404565029889,
      0.11364086461107228,
      0.11377238464554583,
      0.11385306046488104,
      0.11402299015450934,
      0.11443735707048833,
      0.11568859033549941,
      0.11594589430772789,
      0.11613046066834018,
      0.1165321756829646,
      0.11667645481239805,
      0.11694073167712359,
      0.11791690511321581,
      0.11849662695938097,
      0.1186492876783523,
      0.1191661403698146,
      0.11942803780072708,
      0.11983152876069701,
      0.12014009068260133,
      0.12069123276509511,
      0.12121598590312296,
      0.12157230809071827,
      0.12220635925193496,
      0.12225532742138288,
      0.12267362957865666,
      0.12294707686446264,
      0.12331604742244948,
      0.12355094666076305,
      0.12361110347372052,
      0.12401781953291824,
      0.12421352900714483,
      0.12466520299611603,
      0.12473756645159549,
      0.1250308796534732,
      0.12515554334645096,
      0.12522573234557288,
      0.1253108125374251,
      0.1253396105335207,
      0.1255125973363262,
      0.12607437429504634,
