{
  "task": "classification",
  "format": "onnx",
  "preset_name": "default",
  "use_linear": false,
  "n_features_in": 768,
  "classes": [
    0,
    1
  ],
  "params": {
    "C": 1.0,
    "kernel": "rbf",
    "gamma": "scale",
    "class_weight": "balanced",
    "max_iter": 3300,
    "tol": 0.001,
    "random_state": 42,
    "use_linear": false
  },
  "profile": {
    "n_samples": 660,
    "n_features": 768,
    "n_p_ratio": 0.859375,
    "sparsity": 0.0,
    "is_sparse_counts": false,
    "binary_feature_fraction": 0.0,
    "feature_signal_strength": 0.12669800222673672,
    "feature_signal_p90": 0.24952662851631446,
    "task": "classification",
    "imbalance_ratio": 9.0,
    "y_skewness": 0.0,
    "y_all_positive": false
  },
  "portfolio_scores": {
    "heuristic": 0.9456790123456791,
    "default": 0.9471604938271605,
    "linear": 0.922469135802469,
    "balanced_rbf": 0.9654320987654321
  },
  "decision_cutoff_raw": 0.5446463492922583,
  "decision_cutoff_raw_source": "oof_balanced_accuracy",
  "decision_cutoff_proba": 0.25462747928430707,
  "decision_cutoff_rank": 0.8786039453717754,
  "decision_cutoff_logit": -1.0740825097113689,
  "calibrator": {
    "method": "platt",
    "coef": 7.769574433052478,
    "intercept": -5.3057528602278685
  },
  "ranker": {
    "knots": [
      0.16809040231996467,
      0.17542730980175952,
      0.17666457024402815,
      0.17923146461714,
      0.17946592515728035,
      0.17969830317987948,
      0.17975234020670763,
      0.18002690911598931,
      0.18008612969110424,
      0.1820573893798824,
      0.18225458440953488,
      0.18256716215813737,
      0.18272283600051348,
      0.1837367580979462,
      0.18395800314288135,
      0.18493397186948238,
      0.1863055620732685,
      0.18861603668438234,
      0.18888794825821878,
      0.18902809336093712,
      0.18903395421458985,
      0.18927468506023157,
      0.18995643819553729,
      0.19027997952549291,
      0.19052335818083563,
      0.19065402983733612,
      0.1909910200366833,
      0.19150971512427833,
      0.19152596243492576,
      0.19172822186886318,
      0.19192749762424172,
      0.1921306754318237,
      0.19351046853774026,
      0.19372002199185667,
      0.1937841248275357,
      0.19380060882608993,
      0.19396223192351875,
      0.19442875924944644,
      0.1948749244562109,
      0.19513253170987996,
      0.19540261357311617,
      0.1956218749897983,
      0.19574365825925918,
      0.19592559612178695,
      0.19703223231115538,
      0.19739795694472778,
      0.19752998707492703,
      0.19779149470335883,
      0.19783285545310014,
      0.19791850003004086,
      0.19816675542549836,
      0.19831457398094965,
      0.1984950227287792,
      0.19852091777737044,
      0.19868784816680965,
      0.19899772225854673,
      0.19919364536638026,
      0.20000997127991277,
      0.2003555324600823,
      0.20077656765921403,
      0.20117074528984474,
      0.2013776823821612,
      0.2014021400369853,
      0.2016022837818228,
      0.20161737892036766,
      0.20180595672656212,
      0.202097736086914,
      0.20247296705538465,
      0.2024965996984309,
      0.20306514493765118,
      0.20343972967228316,
      0.20359078032681757,
      0.20377228184649018,
      0.2037993870499445,
      0.20395663496174654,
      0.20440090879487,
      0.2045319140938042,
      0.20456923833747043,
      0.2045896452249159,
      0.20461299222107188,
      0.20470265465697018,
      0.20486658099360916,
      0.2049644886617891,
      0.20514546696000235,
      0.20537949985655674,
      0.2056012333752241,
      0.20561124734749872,
      0.20570522904139382,
      0.20634778665247616,
      0.20656345483832608,
      0.2067745315111984,
      0.20712810721961206,
      0.2071320456724129,
      0.20725169688377024,
      0.20734016702882235,
      0.20754306323055477,
      0.20807660745810969,
      0.208572869666616,
      0.20872372777841894,
      0.2089242570264384,
      0.2090197135632293,
      0.20907233570011455,
      0.20922601310474814,
      0.20922656786499555,
      0.20924649047525543,
      0.20925673480050747,
      0.20964352127961444,
      0.20979264594824298,
      0.2097939621505969,
      0.2099299147645824,
      0.21022320189565455,
      0.21050110382639672,
      0.21059081215071584,
      0.21085426072959668,
      0.21152819864578168,
      0.21210156058644122,
      0.21237490895333905,
      0.21241491475382962,
      0.2126100199105086,
      0.21268123020758958,
      0.21360692134691775,
      0.21401459693362493,
      0.21402789394514213,
      0.2142970761293486,
      0.21436080167186952,
      0.21486845355826875,
      0.21516415319402413,
      0.21532817729955042,
      0.2155062215028073,
      0.21553186183298007,
      0.21554023671750483,
      0.21558583037797327,
      0.21569404245982038,
      0.21577282453964194,
      0.21582146593720303,
      0.21595257494385736,
      0.21618447572778038,
      0.21623619525668775,
      0.21629297567647032,
      0.21633361266220066,
      0.2166825173133467,
      0.21668707678915505,
      0.21678051930898032,
      0.21701328293556701,
      0.21731503561464313,
      0.21733498160090187,
      0.21735748531995894,
      0.2174946794533205,
      0.21765623494456104,
      0.21766789800558908,
      0.21796390014848036,
      0.2180578394334137,
      0.21843864625308954,
      0.2186331637714169,
      0.21947019092838194,
      0.2197459678234885,
      0.21982864342141617,
      0.22005948685408258,
      0.2205938097696131,
      0.22098961884909496,
      0.2213161313667513,
      0.2215395816834034,
      0.2219426292640483,
      0.2224285988169408,
      0.22272634471862926,
      0.2227604763504212,
      0.22307583116163712,
      0.22311547858339817,
      0.22319212047603681,
      0.2233026194466521,
      0.22337678600703267,
      0.2235527895062181,
      0.22357891858918277,
      0.22362907376310123,
      0.223644298678911,
      0.22380843820795782,
      0.22392195553628652,
      0.22400698360825036,
      0.22404077961854538,
      0.2240687928379526,
      0.2241749992448208,
      0.22423622652591615,
      0.22431004978595503,
      0.22455349751285453,
      0.2249203396734619,
      0.22503701745822494,
      0.22507771751689598,
      0.22544005756183844,
      0.22550103553548076,
      0.22550595318779484,
      0.22576705017905008,
      0.2257973432224028,
      0.22585876060188007,
      0.2259676726045335,
      0.2260352349520143,
      0.22612953568039246,
      0.22656586806103984,
      0.22657027302883084,
      0.22688052363384337,
      0.22699924620709006,
      0.2273546586312473,
      0.22746396636428265,
      0.2276658401456677,
      0.22820789965440255,
      0.2282388499595261,
      0.22832312148992806,
      0.22833658830222625,
      0.22851804832423822,
      0.22872565094807873,
      0.22878783436614902,
      0.22902102819957657,
      0.22915380303586988,
      0.2294165671004122,
      0.22960156973245427,
      0.22975636666456797,
      0.22979255242605082,
      0.22982843715159515,
      0.23006144955551897,
      0.23024725492549875,
      0.2304203587060301,
      0.2305171641727852,
      0.2305385132473162,
      0.23064099366065136,
      0.2309664138815009,
      0.23112546531596864,
      0.23167690992632053,
      0.23191412752250495,
      0.23209665297966844,
      0.23212767398683498,
      0.23236272045270973,
      0.23248730033133938,
      0.23254100396646882,
      0.2326845698669109,
      0.2330619157639817,
      0.23319331104726368,
      0.23328346999827665,
      0.23343740252986867,
      0.23346099579652121,
      0.23369007233786535,
      0.2337180764032639,
      0.23382807111555493,
      0.23405899751287781,
      0.23419528552129057,
      0.2342082043363156,
      0.2342420631080223,
      0.23428138448803135,
      0.2343324968324171,
      0.23450086463099362,
      0.2347737133955994,
      0.2349666953783332,
