{
    "portfolio": [
        "xgb",
        "rf",
        "svc"
    ],
    "max_batch_size": 100000,
    "max_imbalance_ratio": 100,
    "num_batches": 1,
    "population_prior": 0.1,
    "batch_priors": [
        0.1
    ],
    "decision_cutoff_raw": 0.3208404419613155,
    "decision_cutoff_proba": 0.13811131548901223,
    "decision_cutoff_rank": 0.8959365708622399,
    "decision_cutoff_logit": -1.8310661320455168,
    "decision_cutoff_lift": 1.3811131548901223
}