{
    "portfolio": [
        "xgb",
        "rf",
        "svc"
    ],
    "max_batch_size": 100000,
    "max_imbalance_ratio": 100,
    "num_batches": 1,
    "population_prior": 0.1,
    "batch_priors": [
        0.1
    ],
    "decision_cutoff_raw": 0.37218341326429377,
    "decision_cutoff_proba": 0.08668222438709965,
    "decision_cutoff_rank": 0.7413695529145444,
    "decision_cutoff_logit": -2.3548350381725713,
    "decision_cutoff_lift": 0.8668222438709964
}