{
  "n_components": 27,
  "n_features_in": 768,
  "n_cal_knots": 200,
  "cal_min": 2.8314342498779297,
  "cal_max": 11.534798622131348,
  "scaler": "standard"
}