{
    "portfolio": [
        "lr",
        "xgb",
        "rf",
        "svc"
    ],
    "max_batch_size": 100000,
    "max_imbalance_ratio": 100,
    "num_batches": 1,
    "population_prior": 0.1,
    "batch_priors": [
        0.1
    ],
    "decision_cutoff_raw": 0.26180935388744697,
    "decision_cutoff_proba": 0.09265725594775162,
    "decision_cutoff_rank": 0.8572527249012518,
    "decision_cutoff_logit": -2.281613000987699,
    "decision_cutoff_lift": 0.9265725594775162
}