{
  "task": "classification",
  "format": "onnx",
  "preset_name": "default",
  "use_linear": false,
  "n_features_in": 145,
  "classes": [
    0,
    1
  ],
  "params": {
    "C": 1.0,
    "kernel": "rbf",
    "gamma": "scale",
    "class_weight": "balanced",
    "max_iter": 2800,
    "tol": 0.001,
    "random_state": 42,
    "use_linear": false
  },
  "profile": {
    "n_samples": 560,
    "n_features": 145,
    "n_p_ratio": 3.8620689655172415,
    "sparsity": 0.5085960591133005,
    "is_sparse_counts": false,
    "binary_feature_fraction": 0.14482758620689656,
    "feature_signal_strength": 0.14327438038303145,
    "feature_signal_p90": 0.3568547223109205,
    "task": "classification",
    "imbalance_ratio": 9.0,
    "y_skewness": 0.0,
    "y_all_positive": false
  },
  "portfolio_scores": {
    "heuristic": 0.9679012345679012,
    "default": 0.9698765432098766,
    "linear": 0.9792592592592593,
    "balanced_rbf": 0.9674074074074075
  },
  "decision_cutoff_raw": 0.7310396820829878,
  "decision_cutoff_raw_source": "oof_balanced_accuracy",
  "decision_cutoff_proba": 0.11220877293848419,
  "decision_cutoff_rank": 0.30590339892665475,
  "decision_cutoff_logit": -2.06837543047581,
  "calibrator": {
    "method": "platt",
    "coef": 2.124337672749628,
    "intercept": -3.6213505673996123
  },
  "ranker": {
    "knots": [
      0.14539735897393627,
      0.15101533252724758,
      0.15307065471857934,
      0.15382187135476677,
      0.159660724348248,
      0.16075425304998672,
      0.1639454863796261,
      0.16519336288873118,
      0.17039046818002834,
      0.17144596092504352,
      0.17206539639772703,
      0.18153792743133387,
      0.196478610812358,
      0.19885043308075315,
      0.20116997897130523,
      0.21028715931250824,
      0.21081818728648127,
      0.23060329427980675,
      0.2406000394692592,
      0.24109200536292244,
      0.24183394742169856,
      0.24464725102692694,
      0.24528026215855547,
      0.2457559777899324,
      0.2576607989240106,
      0.26161322354416844,
      0.26166394447170194,
      0.2617513796834256,
      0.2617886380128575,
      0.2617966551212572,
      0.26181738473956084,
      0.26189850802451886,
      0.26191274398618136,
      0.2620214815813847,
      0.26207788947223565,
      0.2622403055483841,
      0.26229688113812827,
      0.2622974719023185,
      0.2623932557467492,
      0.262453432400245,
      0.2627484110730564,
      0.26289350765776165,
      0.2630842948406339,
      0.2635709158950629,
      0.2636255244177608,
      0.26387963357455707,
      0.26389422782290783,
      0.2639205124171047,
      0.2639729175636969,
      0.2640599960791132,
      0.2643219746189818,
      0.2643623894889081,
      0.2647317385051574,
      0.26501280564112417,
      0.26514954530831625,
      0.2652000082213343,
      0.26522651727798746,
      0.26533680322919195,
      0.26535029084055,
      0.26541137217969496,
      0.2654939986377614,
      0.26554771179058007,
      0.2656545750417635,
      0.2657372314389291,
      0.2657537718519322,
      0.2658254044419697,
      0.26586787437526876,
      0.2660236236671248,
      0.26612163451430154,
      0.2664239325370388,
      0.2667167291401013,
      0.26675426532119806,
      0.26685202395731633,
      0.2670069933212182,
      0.2670467586282137,
      0.2671861435445191,
      0.26735763710054217,
      0.26748430239478505,
      0.26764523843682864,
      0.26770397327576967,
      0.2679686199840762,
      0.26807428198145006,
      0.2681357433630145,
      0.2683963931389559,
      0.26840130816112395,
      0.2685608294535016,
      0.26903505359198837,
      0.2692009461800071,
      0.2694678941480451,
      0.2698477001496353,
      0.2699617151537646,
      0.2952075579284868,
      0.2987879365994349,
      0.3083073903649398,
      0.3385992419267069,
      0.35291578170123017,
      0.3765719250724375,
      0.4173858681563515,
      0.4620785114642037,
      0.46908156554906955,
      0.5456195847497313,
      0.5794305772544426,
      0.5847312807897554,
      0.7310299425901317,
      0.7310306383363102,
      0.7310312371651746,
      0.731031329009513,
      0.7310324326132573,
      0.7310327479379062,
      0.7310330057600288,
      0.7310330689082898,
      0.7310330729111186,
      0.7310332846556854,
      0.7310333264145269,
      0.7310333361385751,
      0.7310335133568617,
      0.7310340803743853,
      0.7310343116263236,
      0.7310343804415526,
      0.7310344220203316,
      0.7310344727817866,
      0.7310345772188305,
      0.7310348669566612,
      0.7310348680559772,
      0.7310349798951656,
      0.7310350109690275,
      0.7310350451771398,
      0.7310353747980962,
      0.7310354231771793,
      0.7310354556681354,
      0.7310354805918102,
      0.7310355287467412,
      0.7310355851774123,
      0.7310356977126704,
      0.7310356991232209,
      0.7310357677505632,
      0.7310358090902245,
      0.7310358154553875,
      0.7310359088910381,
      0.731035918077883,
      0.7310359329985021,
      0.7310359792011497,
      0.7310361000847007,
      0.7310361191327456,
      0.731036157428639,
      0.7310361720784625,
      0.7310361808113214,
      0.7310362275646584,
      0.7310362772578373,
      0.7310363101269501,
      0.7310363107475825,
      0.7310363296080354,
      0.7310363741210535,
      0.731036388838553,
      0.731036401595964,
      0.7310365175779928,
      0.7310365761038266,
      0.7310365910047862,
      0.7310367624905965,
      0.7310367957233922,
      0.7310368210033062,
      0.7310368744540124,
      0.7310369031963313,
      0.7310369939738885,
      0.731037150258397,
      0.7310371773689626,
      0.7310376762670953,
      0.7310380850932178,
      0.7310391330626514,
      0.7310391946939657,
      0.7310393145120379,
      0.7310396820829878,
      0.7310399969846822,
      0.7310401233194961,
      0.731040149298949,
      0.7310407378228589,
      0.7310409514772869,
      0.7310410969011719,
      0.7310411523814481,
      0.7310412922816805,
      0.7310413158874789,
      0.7310413745893312,
      0.7310414784467528,
      0.7310415443749986,
      0.7310415499799557,
      0.7310415675652824,
      0.7310416334775739,
      0.7310417431680211,
      0.7310417440690846,
      0.7310417520748185,
      0.7310419378483988,
      0.7310424612792031,
      0.7310440086336534,
      0.7310444690650986,
      0.7310446778545252,
      0.731044702262343,
      0.7310447088211581,
      0.731044790306614,
      0.7310448203489348,
      0.7310448209945047,
      0.7310448839732417,
      0.7310449903459167,
      0.7310451686727609,
      0.7310452862454281,
      0.7310454101453925,
      0.731045613771936,
      0.7310456529468111,
      0.7310458328531297,
      0.7310459411022866,
      0.7310461839948762,
      0.7310462544312687,
      0.731046438703668,
      0.7310464672724272,
      0.731046504662071,
      0.7310465643047727,
      0.7310467444690236,
      0.7310468017078742,
      0.7310468122760294,
      0.7310468364437013,
      0.7310468594174624,
      0.7310468970607149,
      0.7310469147917482,
      0.7310469211210204,
      0.7310469287792815,
      0.7310469948577492,
      0.7310470163146151,
      0.73104704159976,
      0.7310470957688608,
      0.7310471371157979,
      0.7310471537788494,
      0.7310471722005407,
      0.7310471724168809,
      0.7310472691549044,
      0.7310472829506348,
      0.731047289327595,
      0.7310472904507314,
      0.7310474042124603,
      0.7310474569584212,
      0.7310474608584825,
      0.7310474672198758,
      0.7310474770526261,
      0.7310474825226616,
      0.7310475219991802,
      0.7310475294225036,
      0.7310475980759297,
      0.731047642890377,
      0.7310476477221788,
      0.7310476813055474,
      0.7310476830071201,
      0.731047684530905,
      0.7310476904873248,
      0.7310477009232351,
      0.7310477747151383,
      0.7310478194103942,
      0.7310478936392192,
