{
  "task": "classification",
  "format": "onnx",
  "preset_name": "default",
  "best_iteration": 99,
  "params": {
    "tree_method": "hist",
    "device": "cpu",
    "learning_rate": 0.3,
    "max_depth": 6,
    "min_child_weight": 1,
    "subsample": 1.0,
    "colsample_bytree": 1.0,
    "reg_alpha": 0.0,
    "reg_lambda": 1.0,
    "max_bin": 256,
    "n_estimators": 2000,
    "early_stopping_rounds": 50,
    "nthread": 56,
    "objective": "binary:logistic",
    "scale_pos_weight": 9.0,
    "eval_metric": "auc"
  },
  "profile": {
    "n_samples": 560,
    "n_features": 145,
    "n_p_ratio": 3.8620689655172415,
    "sparsity": 0.5085960591133005,
    "is_sparse_counts": false,
    "binary_feature_fraction": 0.14482758620689656,
    "feature_signal_strength": 0.14327438038303145,
    "feature_signal_p90": 0.3568547223109205,
    "task": "classification",
    "imbalance_ratio": 9.0,
    "y_skewness": 0.0,
    "y_all_positive": false
  },
  "portfolio_scores": {
    "flaml": NaN,
    "heuristic": 0.9928193499622071,
    "default": 0.9929138321995464,
    "autogluon": 0.9933862433862434
  },
  "decision_cutoff_raw": 0.029667552560567856,
  "decision_cutoff_raw_source": "oof_balanced_accuracy",
  "decision_cutoff_proba": 0.021057652421519687,
  "decision_cutoff_rank": 0.8443649373881932,
  "decision_cutoff_logit": -3.8392087221745164,
  "calibrator": {
    "method": "platt",
    "coef": 5.375596204645264,
    "intercept": -3.9986895051202187
  },
  "ranker": {
    "knots": [
      7.083286618581042e-05,
      8.783681550994515e-05,
      9.105914796236902e-05,
      9.324306302005425e-05,
      9.34100171434693e-05,
      9.822913852985948e-05,
      0.00010107199341291562,
      0.00010107199341291562,
      0.00010107199341291562,
      0.0001036336034303531,
      0.00010475093586137518,
      0.00010834143176907673,
      0.00011529538460308686,
      0.00011529538460308686,
      0.00011529538460308686,
      0.00011624666512943804,
      0.00011624666512943804,
      0.0001227896282216534,
      0.00012340127432253212,
      0.00012340127432253212,
      0.00012340127432253212,
      0.00012367953604552895,
      0.00012609406257979572,
      0.00012838481052313,
      0.00012870559294242412,
      0.000129728636238724,
      0.000129728636238724,
      0.00013005116488784552,
      0.00013135781046003103,
      0.00013290790957398713,
      0.0001342031901003793,
      0.00013448784011416137,
      0.0001362200127914548,
      0.00014051601465325803,
      0.00014051601465325803,
      0.0001410579716321081,
      0.0001410579716321081,
      0.0001410579716321081,
      0.0001410579716321081,
      0.0001410579716321081,
      0.0001410579716321081,
      0.0001410579716321081,
      0.0001410579716321081,
      0.00014108420873526484,
      0.0001416598097421229,
      0.00014297138841357082,
      0.00014297138841357082,
      0.00014297138841357082,
      0.00014297138841357082,
      0.00014297138841357082,
      0.00014297138841357082,
      0.00014297138841357082,
      0.00014297138841357082,
      0.00014590569480787963,
      0.00014710219693370163,
      0.00015127990627661347,
      0.00015177056775428355,
      0.00015177056775428355,
      0.00015177056775428355,
      0.00015177056775428355,
      0.00015177056775428355,
      0.00015732641622889787,
      0.00015732641622889787,
      0.00015732641622889787,
      0.00015806998999323696,
      0.00016131860320456326,
      0.00016238780517596751,
      0.00016280919953715056,
      0.00016316742403432727,
      0.00016401255561504513,
      0.00016423869237769395,
      0.0001649984042160213,
      0.0001664071314735338,
      0.00016643665730953217,
      0.00016821864119265229,
      0.00017033173935487866,
      0.00017033173935487866,
      0.00017136978567577899,
      0.000171498759300448,
      0.00017231701349373907,
      0.00017231701349373907,
      0.00017231701349373907,
      0.00017415084585081786,
      0.00017415084585081786,
      0.00017415084585081786,
      0.00017754966393113136,
      0.00017778173787519336,
      0.00017968210158869624,
      0.0001799095916794613,
      0.00018041876319330186,
      0.00018081451707985252,
      0.00018081451707985252,
      0.00018081451707985252,
      0.00018119301239494234,
      0.00018270321015734226,
      0.00018270321015734226,
      0.0001836463634390384,
      0.0001842825731728226,
      0.0001848090614657849,
      0.00018686254043132067,
      0.00018916794215328991,
      0.00018926788470707834,
      0.00018942495808005333,
      0.00019010856340173632,
      0.00019010856340173632,
      0.0001904256787383929,
      0.0001904256787383929,
      0.0001904256787383929,
      0.00019043857173528522,
      0.00019172942847944796,
      0.00019172942847944796,
      0.00019253199570812285,
      0.00019427223014645278,
      0.00019553612219169736,
      0.00019553612219169736,
      0.00019553612219169736,
      0.0001984943519346416,
      0.00019862651242874563,
      0.00020040289382450283,
      0.00020186364417895675,
      0.0002019156381720677,
      0.0002019156381720677,
      0.0002019156381720677,
      0.0002019156381720677,
      0.0002019156381720677,
      0.0002019156381720677,
      0.0002019156381720677,
      0.00020236818818375468,
      0.00020236818818375468,
      0.000202718103537336,
      0.00020374610903672874,
      0.00020380788191687316,
      0.00020401980145834386,
      0.00020433733880054206,
      0.00020493166812229902,
      0.0002065431617666036,
      0.00020684822811745107,
      0.00020732330449391156,
      0.00021215340530034155,
      0.00021252452279441059,
      0.00021339724480640143,
      0.00021359224047046155,
      0.00021359224047046155,
      0.00021359224047046155,
      0.000213685940252617,
      0.00021698407363146544,
      0.00021776065113954246,
      0.00021776065113954246,
      0.00021991500398144126,
      0.00022145500406622887,
      0.00022261534468270838,
      0.0002232773113064468,
      0.00022358981368597597,
      0.0002237218286609277,
      0.00022553802409674972,
      0.000227283569984138,
      0.0002288121177116409,
      0.0002318941697012633,
      0.00023200495343189687,
      0.00023223512107506394,
      0.0002343267697142437,
      0.0002368097339058295,
      0.00023682665778324008,
      0.00023800329654477537,
      0.0002382900711381808,
      0.0002389822038821876,
      0.00023959981626830995,
      0.00023959981626830995,
      0.00023980459081940353,
      0.00023980459081940353,
      0.00023990405315998942,
      0.00024023001606110483,
      0.00024263942032121122,
      0.00024280975048895925,
      0.00024364390992559493,
      0.00024364390992559493,
      0.00024414248764514923,
      0.00024711055448278785,
      0.0002472175401635468,
      0.0002475746732670814,
      0.00024810846662148833,
      0.00024810846662148833,
      0.00024810846662148833,
      0.00024972466053441167,
      0.0002499643014743924,
      0.0002505610464140773,
      0.00025213672779500484,
      0.00025225189165212214,
      0.0002544490562286228,
      0.00025464853388257325,
      0.0002552625664975494,
      0.0002580096188466996,
      0.000261133536696434,
      0.00026122070266865194,
      0.0002625099732540548,
      0.0002625099732540548,
      0.0002625099732540548,
      0.00026328727835789323,
      0.00026328727835789323,
      0.00026421769871376455,
      0.00026421769871376455,
      0.00026421769871376455,
      0.00026421769871376455,
      0.00026421769871376455,
      0.00026421769871376455,
      0.00026610010536387563,
      0.00026755526778288186,
      0.0002689229731913656,
      0.00026897681527771056,
      0.0002698625030461699,
      0.0002703002537600696,
      0.0002705359074752778,
      0.00027387883164919913,
      0.0002742255455814302,
      0.0002746771788224578,
      0.0002767198020592332,
      0.0002770215505734086,
      0.00027818846865557134,
      0.00028027885127812624,
