{
  "n_components": 45,
  "n_features_in": 2048,
  "n_cal_knots": 200,
  "cal_min": 2.8588693141937256,
  "cal_max": 31.530838012695312,
  "scaler": "standard"
}