{
  "mode": "slow",
  "descriptor_types": [
    "chemeleon",
    "rdkit",
    "morgan"
  ],
  "n_compounds": 590,
  "n_actives": 59,
  "ratio_actives": 0.1,
  "population_prior": 0.1,
  "portfolio": [
    "lr",
    "xgb",
    "rf",
    "svc"
  ],
  "num_batches": {
    "chemeleon": 1,
    "rdkit": 1,
    "morgan": 1
  },
  "decision_cutoff_raw": 0.35879795394919567,
  "decision_cutoff_proba": 0.11132246127715179,
  "decision_cutoff_rank": 0.8441803433314469,
  "oof_aucs": {
    "chemeleon": 0.9899134986753487,
    "rdkit": 0.9871684381882601,
    "morgan": 0.9861151010246098
  },
  "proxy_aucs": {
    "chemeleon": 0.9785981039931054,
    "rdkit": 0.9909349165310097,
    "morgan": 0.988349452583868
  },
  "train_aucs": {
    "chemeleon": 1.0,
    "rdkit": 0.9999521210380158,
    "morgan": 0.9998244438060583
  },
  "quality_aucs": {
    "chemeleon": 0.9798269973506974,
    "rdkit": 0.9743847553385043,
    "morgan": 0.9724057582431612
  },
  "active_descriptors": {
    "chemeleon": true,
    "rdkit": true,
    "morgan": true
  },
  "ad_hard_cutoffs": {
    "chemeleon": 0.052250005304813385,
    "rdkit": 0.052250005304813385,
    "morgan": 0.052250005304813385
  },
  "rank_error_curves": {
    "chemeleon": [
      [
        0.156710342573059,
        0.23521706730119984,
        0.2653613063112664,
        0.2821097677219521,
        0.3036240962463017,
        0.31844061325820017,
        0.34083131524662247,
        0.36475051165836114,
        0.3866928794697576,
        0.41094808037237524,
        0.43259402509092265,
        0.4587939818216633,
        0.4840724931666333,
        0.5148766373930377,
        0.5590578006776582,
        0.5921926896146851,
        0.6324222618140934,
        0.8777317042701849,
        0.9833386449310364,
        0.9997752685623053
      ],
      [
        0.020580017300024005,
        0.020917251145749157,
        0.0211615164179728,
        0.021242516237095388,
        0.02133039319270708,
        0.0218933787436593,
        0.02214911504597564,
        0.022945892276995245,
        0.022624667496764273,
        0.02278188593005134,
        0.029592651788332,
        0.023119950074841064,
        0.023765026475373485,
        0.023582969954114325,
        0.030416980364279936,
        0.023912518291188165,
        0.02767944191718566,
        0.19737725472613502,
        0.2892208315403005,
        0.2727876340117466
      ]
    ],
    "rdkit": [
      [
        0.18339234882363378,
        0.4135876078805216,
        0.43107136108474875,
        0.44669968579523045,
        0.4716982008442429,
        0.4918523512804432,
        0.5061197978805655,
        0.5309350623936779,
        0.5498185082704597,
        0.5715686455114486,
        0.5969850664330133,
        0.6208059737969571,
        0.6519313342628632,
        0.678467911489832,
        0.7060857577436767,
        0.7521985970207432,
        0.8252591088337795,
        0.9148776680187638,
        0.9754783702007129,
        0.9994562200275809
      ],
      [
        0.04128776710189288,
        0.04477091627345725,
        0.04542881132953669,
        0.0454407517754546,
        0.045558595703694874,
        0.04560309669473029,
        0.045669279464847806,
        0.04564148822282865,
        0.04565636474244053,
        0.04571378781802299,
        0.04567543431115776,
        0.045799533918019934,
        0.04586282450489279,
        0.04577182841200334,
        0.04584642814327456,
        0.04616645998382664,
        0.04710429948050049,
        0.24030421843322697,
        0.3849199774849261,
        0.3756035005361132
      ]
    ],
    "morgan": [
      [
        0.16044893496548746,
        0.21109502489458642,
        0.24271519333418765,
        0.27250245733922673,
        0.28987027487744477,
        0.308956633430456,
        0.3218513891241728,
        0.33976217560957317,
        0.3539928304611232,
        0.37414770675034437,
        0.3944870114315554,
        0.4153024159754183,
        0.44184093022942056,
        0.4758706967453808,
        0.5179162735522839,
        0.5655630802774587,
        0.6404398599899249,
        0.8857201040071223,
        0.9591071814929457,
        0.9929561203721035
      ],
      [
        0.02343053337308843,
        0.02368274384657086,
        0.023944422351795565,
        0.024547774776199776,
        0.024581143427932196,
        0.02446392716571425,
        0.02481353228390873,
        0.024775523296378398,
        0.024700147901368975,
        0.025015797284698976,
        0.024834927331731548,
        0.025383710216622734,
        0.02576924102730798,
        0.025847318491184566,
        0.0265223695035554,
        0.032477118318187226,
        0.043156337569021465,
        0.2607777174307884,
        0.23290240111007765,
        0.2083451976780405
      ]
    ]
  },
  "decision_cutoff_logit": -2.0773033997764716,
  "decision_cutoff_lift": 1.1132246127715177
}