{
  "task": "classification",
  "format": "onnx",
  "preset_name": "default",
  "use_linear": false,
  "n_features_in": 1775,
  "classes": [
    0,
    1
  ],
  "params": {
    "C": 1.0,
    "kernel": "rbf",
    "gamma": "scale",
    "class_weight": "balanced",
    "max_iter": 2850,
    "tol": 0.001,
    "random_state": 42,
    "use_linear": false
  },
  "profile": {
    "n_samples": 570,
    "n_features": 1775,
    "n_p_ratio": 0.3211267605633803,
    "sparsity": 0.48119100568322215,
    "is_sparse_counts": false,
    "binary_feature_fraction": 0.0022535211267605635,
    "feature_signal_strength": 0.09678588095584363,
    "feature_signal_p90": 0.19498054684175575,
    "task": "classification",
    "imbalance_ratio": 9.0,
    "y_skewness": 0.0,
    "y_all_positive": false
  },
  "portfolio_scores": {
    "heuristic": 0.9995061728395062,
    "default": 0.9995061728395062,
    "linear": 0.9990123456790123,
    "balanced_rbf": 1.0
  },
  "decision_cutoff_raw": 0.4018994998987384,
  "decision_cutoff_raw_source": "oof_balanced_accuracy",
  "decision_cutoff_proba": 0.1313484859255235,
  "decision_cutoff_rank": 0.8892794376098417,
  "decision_cutoff_logit": -1.8890880363164955,
  "calibrator": {
    "method": "platt",
    "coef": 8.26079883285278,
    "intercept": -5.20909895600411
  },
  "ranker": {
    "knots": [
      0.16642731082655024,
      0.16730503832517568,
      0.17274152324550834,
      0.1733629384231058,
      0.18225262766764602,
      0.18318542920489891,
      0.183952332613854,
      0.18459050555908585,
      0.1848324123960974,
      0.18527394513670986,
      0.18796759022253917,
      0.18929675383845904,
      0.19017454621430327,
      0.19212050219428484,
      0.19264173798280712,
      0.19356251122555826,
      0.1935993241645812,
      0.1937211416579363,
      0.1939590792904633,
      0.1942021926346483,
      0.19444382401499213,
      0.1947076083124692,
      0.19504604673388093,
      0.1955332607463268,
      0.19679052596264215,
      0.1968549150139271,
      0.1992548528125665,
      0.199579693177336,
      0.19999400350049204,
      0.20029701136162206,
      0.20061714829066374,
      0.20100951200664213,
      0.20107490143486795,
      0.2011902842859883,
      0.20224029537721797,
      0.20302648811499813,
      0.20309926922254884,
      0.20347953612860578,
      0.20357570016250695,
      0.20412914490950068,
      0.20436794941592965,
      0.20479722556385963,
      0.20497802041217747,
      0.20518870628915598,
      0.20584524487873396,
      0.20605264156605896,
      0.20623663380082946,
      0.2070747347676573,
      0.20739814197618173,
      0.20759863939354004,
      0.20805898400365055,
      0.20809028345231176,
      0.20840708336913202,
      0.20844291454621505,
      0.2085317099323318,
      0.20854493595959728,
      0.2086951331933289,
      0.21003831814444543,
      0.2104932314442812,
      0.21068208759885632,
      0.21129391046296248,
      0.21152165166262685,
      0.21207871792815514,
      0.21344613053125927,
      0.21371961365916642,
      0.2145761865226558,
      0.21473027726693586,
      0.21506537320809177,
      0.21516964529170152,
      0.2153622630475852,
      0.2158541834061871,
      0.21606546456726847,
      0.21632551034137298,
      0.21635418829404296,
      0.21643485117379457,
      0.21653901053368776,
      0.2173820390072997,
      0.2181769865358116,
      0.2182942562096404,
      0.2183698330886688,
      0.21841545202444473,
      0.21857386830089262,
      0.21861327922191873,
      0.21949694332352576,
      0.2195510423257021,
      0.22076232524184702,
      0.22120199453872239,
      0.22196954825399354,
      0.22207642332535382,
      0.22222097262336038,
      0.22255394947667528,
      0.22288815791906877,
      0.22315189719894502,
      0.2232669680905048,
      0.22353826918426598,
      0.22364647228902892,
      0.22422824351197,
      0.2243566091411014,
      0.2245258004676198,
      0.22468486156763007,
      0.22469530030220325,
      0.22516962856735856,
      0.22519691598605046,
      0.22565065288296243,
      0.22565859120497772,
      0.22572470156753635,
      0.22600150361696494,
      0.22611767559649534,
      0.22632319319137412,
      0.22638804806570526,
      0.22650578028177534,
      0.22664979082576137,
      0.22672835910576272,
      0.22703739315669438,
      0.22721022064522953,
      0.22754342890418558,
      0.22759566031866854,
      0.22763519587823455,
      0.22765022299394908,
      0.22788967676517832,
      0.22798711627058707,
      0.22805612810362322,
      0.22847763531949128,
      0.22858847462544757,
      0.2288694299986248,
      0.22897961661308858,
      0.22939365006164772,
      0.23007878366766402,
      0.23042014131545055,
      0.23044030708538799,
      0.23049687842925223,
      0.2304983856890509,
      0.23057436177732452,
      0.23077889851291813,
      0.2310184401317254,
      0.23117930914585497,
      0.23285840544310057,
      0.2328983618428307,
      0.23304430721454414,
      0.23313092332450144,
      0.2331597494545661,
      0.23365494670104806,
      0.23470259607599017,
      0.23503269019544848,
      0.23505926544709352,
      0.2351322533616704,
      0.23523846618624908,
      0.23533487875697226,
      0.2354011145287633,
      0.23594193141095024,
      0.23596224471528585,
      0.23597833940354765,
      0.23597899228702685,
      0.23604198587017208,
      0.2366331139562304,
      0.23663928413101834,
      0.23703586173384708,
      0.2371125222958213,
      0.2373462040336361,
      0.23747270219834266,
      0.2375966105234689,
      0.23767487285774644,
      0.23772111537079607,
      0.23779147903656989,
      0.23789403476610566,
      0.23811755906288978,
      0.23818672723024958,
      0.23827162225201387,
      0.23958807829430082,
      0.23972743844553382,
      0.23995666359826873,
      0.24000100854844988,
      0.24019608195411943,
      0.24058588134758113,
      0.2407188245944788,
      0.24160468639957464,
      0.24208010485511933,
      0.24216620659496818,
      0.24238942512892434,
      0.24267302322311915,
      0.2429062631499672,
      0.2434656822096683,
      0.24361402399932647,
      0.2438672718289792,
      0.24449059870603493,
      0.2448834455709761,
      0.2451283165070751,
      0.24527387957279495,
      0.24528390720481474,
      0.24530455700995393,
      0.24600394336095158,
      0.24620871930877525,
      0.24637213656901474,
      0.24688231502510533,
      0.24694484220729335,
      0.2470323522945734,
      0.24716037431389104,
      0.24726962506075972,
      0.24750318392428636,
      0.2478208041980015,
      0.24793779286654224,
      0.24800392299763693,
      0.24814889819411962,
      0.2481767027919547,
      0.24828942700206028,
      0.248447535162006,
      0.24877125511352827,
      0.2488400332999023,
      0.24884077274680463,
      0.2490512517538096,
      0.2491592921444016,
      0.2497295071233709,
      0.24986805476031212,
      0.2500999632383418,
      0.250113044654865,
      0.25015570388699077,
      0.2502847282119202,
      0.25060791690857903,
      0.2506080248021866,
      0.25075073908086354,
      0.2508644756458556,
      0.2510678863192288,
      0.2511322397881689,
      0.2513911098493872,
      0.2515091532426648,
      0.25175394008811447,
      0.25204786935070095,
      0.25217988099106153,
      0.252276342168319,
      0.25267760331672173,
      0.2528747994322724,
      0.2531217243246963,
      0.25319589659823055,
      0.2533971885743287,
      0.2534276237436906,
      0.25351022641082077,
      0.25351401895182174,
      0.25368393815710566,
      0.25379223192205097,
      0.2542017793632129,
      0.25427489899134,
      0.2548274134674266,
      0.2550285429954566,
      0.25505496032699965,
      0.25573150549436147,
      0.2558093996288638,
      0.2558930008163557,
      0.25599417617202475,
      0.2560539821708316,
      0.25607071926089664,
