{
  "task": "classification",
  "format": "onnx",
  "preset_name": "default",
  "best_iteration": 99,
  "params": {
    "tree_method": "hist",
    "device": "cpu",
    "learning_rate": 0.3,
    "max_depth": 6,
    "min_child_weight": 1,
    "subsample": 1.0,
    "colsample_bytree": 1.0,
    "reg_alpha": 0.0,
    "reg_lambda": 1.0,
    "max_bin": 256,
    "n_estimators": 2000,
    "early_stopping_rounds": 50,
    "nthread": 64,
    "objective": "binary:logistic",
    "scale_pos_weight": 9.0,
    "eval_metric": "auc"
  },
  "profile": {
    "n_samples": 570,
    "n_features": 1775,
    "n_p_ratio": 0.3211267605633803,
    "sparsity": 0.48119100568322215,
    "is_sparse_counts": false,
    "binary_feature_fraction": 0.0022535211267605635,
    "feature_signal_strength": 0.09678588095584363,
    "feature_signal_p90": 0.19498054684175575,
    "task": "classification",
    "imbalance_ratio": 9.0,
    "y_skewness": 0.0,
    "y_all_positive": false
  },
  "portfolio_scores": {
    "flaml": NaN,
    "autogluon": NaN,
    "heuristic": 0.9990771502399408,
    "default": 0.9933554817275748
  },
  "decision_cutoff_raw": 0.08609902113676071,
  "decision_cutoff_raw_source": "oof_balanced_accuracy",
  "decision_cutoff_proba": 0.03510240596262012,
  "decision_cutoff_rank": 0.8699472759226713,
  "decision_cutoff_logit": -3.3137523014730768,
  "calibrator": {
    "method": "platt",
    "coef": 5.963782778451108,
    "intercept": -3.8272281609699883
  },
  "ranker": {
    "knots": [
      0.0001877897302620113,
      0.0002452604821883142,
      0.00024637492606416345,
      0.0002544422459322959,
      0.0002595449914224446,
      0.00025971257127821445,
      0.00027106853667646646,
      0.0002728810650296509,
      0.00027415601653046906,
      0.0002857354993466288,
      0.0002953688381239772,
      0.00030919938581064343,
      0.00031039409805089235,
      0.00032402967917732894,
      0.00032407077378593385,
      0.0003283938567619771,
      0.00033295038156211376,
      0.0003348600585013628,
      0.0003367676690686494,
      0.00034490335383452475,
      0.00034676596987992525,
      0.00035010481951758265,
      0.00035500500234775245,
      0.0003570005646906793,
      0.000358234770828858,
      0.0003586478705983609,
      0.00037572806468233466,
      0.00037945329677313566,
      0.00039039485272951424,
      0.0003906915953848511,
      0.0003932080580852926,
      0.00039404729614034295,
      0.00039819846278987825,
      0.0004019264306407422,
      0.00040447802166454494,
      0.00040688327862881124,
      0.0004174595815129578,
      0.00042548426426947117,
      0.00043698539957404137,
      0.000437996321124956,
      0.0004411517584230751,
      0.0004462736542336643,
      0.00044684726162813604,
      0.0004492803127504885,
      0.00045257547753863037,
      0.000456569337984547,
      0.0004583808477036655,
      0.00045897701056674123,
      0.0004614701319951564,
      0.0004627694434020668,
      0.00047198618995025754,
      0.00047274018288590014,
      0.00047335997805930674,
      0.0004784160410054028,
      0.00048356299521401525,
      0.0004881329950876534,
      0.0004943402018398046,
      0.0004960059304721653,
      0.0004996645729988813,
      0.000501875823829323,
      0.0005053645581938326,
      0.0005110233323648572,
      0.0005115469684824347,
      0.0005124053568579257,
      0.0005143843591213226,
      0.0005168559728190303,
      0.0005188153008930385,
      0.0005247776280157268,
      0.0005325398524291813,
      0.0005337661132216454,
      0.0005372714949771762,
      0.0005411402671597898,
      0.0005426644929684699,
      0.0005474709323607385,
      0.0005478885723277926,
      0.0005511406343430281,
      0.0005515931406989694,
      0.0005562309524975717,
      0.0005575616960413754,
      0.0005603033932857215,
      0.0005617159185931087,
      0.0005638147704303265,
      0.0005642932956106961,
      0.0005657489527948201,
      0.0005701154004782438,
      0.0005713470163755119,
      0.0005740930209867656,
      0.000583234301302582,
      0.0005840539815835655,
      0.0005841138190589845,
      0.0005845395498909056,
      0.000588136026635766,
      0.0005914036300964653,
      0.0005949478363618255,
      0.0006085922359488904,
      0.0006119063473306596,
      0.0006138845346868038,
      0.0006144274375401437,
      0.0006171168060973287,
      0.0006182674551382661,
      0.0006235027103684843,
      0.0006262965616770089,
      0.0006291212048381567,
      0.0006361287669278681,
      0.0006405187305063009,
      0.0006529120728373528,
      0.0006581439520232379,
      0.0006686364067718387,
      0.0006743061821907759,
      0.0006749735330231488,
      0.0006751118926331401,
      0.0006782302516512573,
      0.0006790037150494754,
      0.0006803886499255896,
      0.0006821624119766057,
      0.0006856612162664533,
      0.0006884452886879444,
      0.0006886152550578117,
      0.0006886182236485183,
      0.0006914812256582081,
      0.0006937419530004263,
      0.0006950817187316716,
      0.0007014377042651176,
      0.0007014998700469732,
      0.0007056022295728326,
      0.0007120852242223918,
      0.0007122348761186004,
      0.0007150422898121178,
      0.0007240939303301275,
      0.0007398732122965157,
      0.0007556583732366562,
      0.0007565983105450869,
      0.0007616890361532569,
      0.0007680674898438156,
      0.0007763118483126163,
      0.0007815109565854073,
      0.0007818584563210607,
      0.0007828701054677367,
      0.00079337292117998,
      0.0007953649037517607,
      0.0008028119336813688,
      0.0008054102654568851,
      0.0008159679709933698,
      0.0008162673912011087,
      0.000820882327388972,
      0.0008234009728766978,
      0.0008309202967211604,
      0.0008393747266381979,
      0.0008517054957337677,
      0.0008525772136636078,
      0.0008549970807507634,
      0.0008599676075391471,
      0.0008643330656923354,
      0.0008648908114992082,
      0.000871417170856148,
      0.0008763018413446844,
      0.000878644990734756,
      0.0008822178933769464,
      0.0008825617842376232,
      0.0008829633588902652,
      0.000888156471773982,
      0.0008912740158848464,
      0.0008956233505159616,
      0.0008960462873801589,
      0.0008965428569354117,
      0.0009048182400874794,
      0.0009048713254742324,
      0.0009163242066279054,
      0.000918463512789458,
      0.0009209662093780935,
      0.0009251455194316804,
      0.0009343160782009363,
      0.0009354767971672118,
      0.0009438966517336667,
      0.0009474208927713335,
      0.00094795593759045,
      0.0009544087806716561,
      0.0009641749784350395,
      0.0009675153414718807,
      0.0009681784431450069,
      0.0009692420717328787,
      0.0009692420717328787,
      0.0009758161613717675,
      0.0009769249008968472,
      0.000980317359790206,
      0.0009829412447288632,
      0.0009835384553298354,
      0.000983659760095179,
      0.0009919187286868691,
      0.0009920960292220116,
      0.0009947546059265733,
      0.0009993683779612184,
      0.0010029623517766595,
      0.001003577490337193,
      0.0010046823881566525,
      0.0010143597610294819,
      0.0010182888945564628,
      0.0010276155080646276,
      0.0010299923596903682,
      0.0010324364993721247,
      0.0010325635084882379,
      0.001033395528793335,
      0.0010486100800335407,
      0.0010512942681089044,
      0.0010578632354736328,
      0.0010690005728974938,
      0.0010698308469727635,
      0.0010712015209719539,
      0.00107453647069633,
      0.001080855610780418,
      0.0010820806492120028,
      0.0011005774140357971,
      0.0011065918952226639,
      0.0011115596862509847,
      0.0011125983437523246,
      0.001122386660426855,
      0.0011327173560857773,
      0.0011329579865559936,
      0.001134500140324235,
      0.0011362208751961589,
      0.0011449111625552177,
      0.001146478927694261,
      0.0011513310018926859,
      0.0011665240162983537,
