{
    "portfolio": [
        "xgb",
        "rf"
    ],
    "max_batch_size": 100000,
    "max_imbalance_ratio": 100,
    "num_batches": 1,
    "population_prior": 0.19773906597479615,
    "batch_priors": [
        0.19773906597479615
    ],
    "decision_cutoff_raw": 0.2250119426846504,
    "decision_cutoff_proba": 0.2074561403508772,
    "decision_cutoff_rank": 0.6802594995366079,
    "decision_cutoff_logit": -1.3403279021002956,
    "decision_cutoff_lift": 1.0491408934707904
}