{
  "n_components": 45,
  "n_features_in": 2048,
  "n_cal_knots": 200,
  "cal_min": 2.7985000610351562,
  "cal_max": 72.03962707519531,
  "scaler": "standard"
}