{
  "n_components": 45,
  "n_features_in": 2048,
  "n_cal_knots": 200,
  "cal_min": 1.0616563558578491,
  "cal_max": 33.1545524597168,
  "scaler": "standard"
}