{
  "mode": "slow",
  "descriptor_types": [
    "chemeleon",
    "clamp",
    "rdkit"
  ],
  "n_compounds": 3320,
  "n_actives": 332,
  "ratio_actives": 0.1,
  "population_prior": 0.1,
  "portfolio": [
    "lr",
    "xgb",
    "rf",
    "svc"
  ],
  "num_batches": {
    "chemeleon": 1,
    "clamp": 1,
    "rdkit": 1
  },
  "decision_cutoff_raw": 0.1278326829881434,
  "decision_cutoff_proba": 0.059114302394966955,
  "decision_cutoff_rank": 0.7868417528706773,
  "oof_aucs": {
    "chemeleon": 0.9334869598877438,
    "clamp": 0.9219155739423558,
    "rdkit": 0.9310414348155674
  },
  "proxy_aucs": {
    "chemeleon": 0.868986992145288,
    "clamp": 0.8718347284721214,
    "rdkit": 0.8585123627038274
  },
  "train_aucs": {
    "chemeleon": 1.0,
    "clamp": 0.9999274205254753,
    "rdkit": 0.999964718310995
  },
  "quality_aucs": {
    "chemeleon": 0.8669739197754875,
    "clamp": 0.8439037273592362,
    "rdkit": 0.8621181513201399
  },
  "active_descriptors": {
    "chemeleon": true,
    "clamp": true,
    "rdkit": true
  },
  "ad_hard_cutoffs": {
    "chemeleon": 0.05000000074505806,
    "clamp": 0.05000000074505806,
    "rdkit": 0.05000000074505806
  },
  "rank_error_curves": {
    "chemeleon": [
      [
        0.008219572255239288,
        0.10149578016734753,
        0.14045214345435034,
        0.1742870725375021,
        0.20536296932489406,
        0.23702920774286745,
        0.26959346102783394,
        0.3011225320718804,
        0.32770879845727263,
        0.3577568313510292,
        0.3904260633429233,
        0.4239148200651177,
        0.46277514447462353,
        0.5019528961564147,
        0.5544067876511967,
        0.6117062695966275,
        0.7007718537092513,
        0.8743147522993827,
        0.9712648964969968,
        0.9993830608525985
      ],
      [
        0.02753534142883953,
        0.028007828603715996,
        0.02827562744495281,
        0.02850550956889249,
        0.028861983227166335,
        0.029214231994354703,
        0.029607148978536744,
        0.030170982128309633,
        0.03059058766326282,
        0.03202914258906092,
        0.03244301048674833,
        0.034371639959443256,
        0.03621318766962152,
        0.037916728998231924,
        0.04122365688164769,
        0.05005855622812361,
        0.06692745582033689,
        0.225867259624846,
        0.2604002150836665,
        0.20319466426401056
      ]
    ],
    "clamp": [
      [
        0.18015709475882338,
        0.23121791693952404,
        0.2599745974009438,
        0.2818409127189893,
        0.3076938679613901,
        0.33127528452374594,
        0.35188684728496633,
        0.3721470684837368,
        0.3903010401602928,
        0.4159070964300521,
        0.439728484109297,
        0.46474810564280544,
        0.493542753684064,
        0.5285308912291228,
        0.5690461072515547,
        0.6232700568439993,
        0.7162325059700119,
        0.8924904965898061,
        0.9699605396450235,
        0.9991307847400863
      ],
      [
        0.03426364110452157,
        0.034619745067153394,
        0.034800667533908015,
        0.03495810330275592,
        0.03512984243469191,
        0.03627700310046799,
        0.03584093556281252,
        0.0357570923848706,
        0.036224240833175506,
        0.03796943250595114,
        0.03867293218609798,
        0.042189870295096986,
        0.04302531126740559,
        0.04808161503886093,
        0.0545611145335678,
        0.06469696730221565,
        0.09081942385385659,
        0.2787008635736572,
        0.3513022104319395,
        0.2818699189655696
      ]
    ],
    "rdkit": [
      [
        0.0007721006391116477,
        0.07713669674958368,
        0.11937646216497326,
        0.16245337432235354,
        0.19699682210187308,
        0.23085379377166815,
        0.26770450785608524,
        0.29804465735674296,
        0.32805213569488134,
        0.36352048560197864,
        0.3987395708099477,
        0.44034118011542445,
        0.4830418929786803,
        0.5341763997138079,
        0.5968410514383047,
        0.6734476592826342,
        0.7611819078529443,
        0.8831541081010741,
        0.9655018692427656,
        0.9980084639180069
      ],
      [
        0.020837251334403718,
        0.02195536261628809,
        0.022750942921951706,
        0.023777760226911603,
        0.024813419472582286,
        0.025427596181580494,
        0.026673870605386736,
        0.02743758570421519,
        0.028291203379144623,
        0.030031468402556074,
        0.032959384132347044,
        0.03390680923653689,
        0.038860225187183246,
        0.04354125960658645,
        0.05344861692297521,
        0.07041612764535454,
        0.11087619686698645,
        0.2860868670629778,
        0.22636223739564057,
        0.16497970648490506
      ]
    ]
  },
  "decision_cutoff_logit": -2.767348764704401,
  "decision_cutoff_lift": 0.5911430239496696
}