{
  "mode": "slow",
  "descriptor_types": [
    "chemeleon",
    "morgan",
    "clamp"
  ],
  "n_compounds": 1128,
  "n_actives": 301,
  "ratio_actives": 0.26684397163120566,
  "population_prior": 0.26684397163120566,
  "portfolio": [
    "lr",
    "xgb",
    "rf",
    "svc"
  ],
  "num_batches": {
    "chemeleon": 1,
    "morgan": 1,
    "clamp": 1
  },
  "decision_cutoff_raw": 0.3989370369597534,
  "decision_cutoff_proba": 0.2618739712669213,
  "decision_cutoff_rank": 0.6417480035492459,
  "oof_aucs": {
    "chemeleon": 0.8816761540531963,
    "morgan": 0.8697911435882809,
    "clamp": 0.8735834200388064
  },
  "proxy_aucs": {
    "chemeleon": 0.8116194707685386,
    "morgan": 0.8326316550635328,
    "clamp": 0.8202826531473082
  },
  "train_aucs": {
    "chemeleon": 1.0,
    "morgan": 0.9994777585396522,
    "clamp": 0.9953761544549206
  },
  "quality_aucs": {
    "chemeleon": 0.7633523081063927,
    "morgan": 0.7401045286369097,
    "clamp": 0.7517906856226922
  },
  "active_descriptors": {
    "chemeleon": true,
    "morgan": true,
    "clamp": true
  },
  "ad_hard_cutoffs": {
    "chemeleon": 0.05175001174211502,
    "morgan": 0.05175001174211502,
    "clamp": 0.05175001174211502
  },
  "rank_error_curves": {
    "chemeleon": [
      [
        0.017231787370656962,
        0.08337976324618472,
        0.12669618579985983,
        0.16118293619741017,
        0.19187303734349853,
        0.21687518555397822,
        0.24561597212444053,
        0.2765179302506516,
        0.310110912850145,
        0.35415651765594536,
        0.3966315527157807,
        0.4422390875232629,
        0.4946844882367128,
        0.5570719786691761,
        0.7834624934497669,
        0.8702112127357364,
        0.8993236667430956,
        0.9301332273860602,
        0.9720472964526731,
        0.9990620607721038
      ],
      [
        0.0780932871536612,
        0.0809940053633841,
        0.08348194340389004,
        0.08471798251825119,
        0.0882652261870313,
        0.09066771648123152,
        0.09489779916916308,
        0.09786695542306421,
        0.10731365459465793,
        0.11528292174473037,
        0.1277721158374974,
        0.1575212124064153,
        0.19607245209207372,
        0.23513148781269974,
        0.3549695891770609,
        0.3101113715121298,
        0.2811787622775003,
        0.2559341907162425,
        0.23202000650619928,
        0.2086416448808557
      ]
    ],
    "morgan": [
      [
        0.041021631500485684,
        0.11406440572509657,
        0.14312697336299174,
        0.174311976659246,
        0.20701602566720226,
        0.23905391425968558,
        0.28652181500921575,
        0.32806083431447336,
        0.37021253403120774,
        0.4039308794776662,
        0.4456849118257368,
        0.49311516195624117,
        0.559289517554879,
        0.6321107334275389,
        0.7515360906284848,
        0.8353859380964338,
        0.8759446487087168,
        0.9131368725326438,
        0.9525147288389904,
        0.9995680025911159
      ],
      [
        0.0790459472228501,
        0.08090524257277465,
        0.08251905588296632,
        0.08606197827862158,
        0.08850322370487233,
        0.09137784500159317,
        0.09532006453946104,
        0.09999759543663359,
        0.10547133673443783,
        0.11577927372741365,
        0.12659461476281084,
        0.15185264689437203,
        0.196925680513651,
        0.2763431874897032,
        0.4659186511427156,
        0.37615952278712106,
        0.31175923331095823,
        0.2733189221630755,
        0.24555233923455239,
        0.21939311917846765
      ]
    ],
    "clamp": [
      [
        0.028192269408967564,
        0.08889109117518862,
        0.11789005199916038,
        0.15398879040744798,
        0.18132896434755072,
        0.2100743034313502,
        0.24108399334501512,
        0.2687635694020608,
        0.3042880029077387,
        0.3663896732366785,
        0.42309917612589737,
        0.49239670888480863,
        0.5626722916772404,
        0.6368825318098209,
        0.7454166234637322,
        0.8543843106531993,
        0.8996008703889564,
        0.9319380454860726,
        0.9569734123532069,
        0.9992269159059743
      ],
      [
        0.05964708316333116,
        0.06279580864570102,
        0.06520506502218247,
        0.06834391563171094,
        0.07085887009905475,
        0.07388328524816197,
        0.07743148490829678,
        0.08177835320318659,
        0.08857388328454936,
        0.10268762159116096,
        0.12605530976160986,
        0.17461559751906003,
        0.24748090299326617,
        0.36228915252021254,
        0.4843292739105018,
        0.3970633991686213,
        0.2968306365656719,
        0.24942234607278777,
        0.2141251569624345,
        0.19239530882043
      ]
    ]
  },
  "decision_cutoff_logit": -1.036251218329507,
  "decision_cutoff_lift": 0.9813748823557716
}