{
  "n_components": 14,
  "n_features_in": 217,
  "n_cal_knots": 200,
  "cal_min": 1.492645502090454,
  "cal_max": 9.881183624267578,
  "scaler": "standard"
}