{
  "n_components": 27,
  "n_features_in": 768,
  "n_cal_knots": 200,
  "cal_min": 2.7647104263305664,
  "cal_max": 14.098694801330566,
  "scaler": "standard"
}