{
  "task": "classification",
  "format": "onnx",
  "preset_name": "default",
  "use_linear": false,
  "n_features_in": 152,
  "classes": [
    0,
    1
  ],
  "params": {
    "C": 1.0,
    "kernel": "rbf",
    "gamma": "scale",
    "class_weight": "balanced",
    "max_iter": 3300,
    "tol": 0.001,
    "random_state": 42,
    "use_linear": false
  },
  "profile": {
    "n_samples": 660,
    "n_features": 152,
    "n_p_ratio": 4.342105263157895,
    "sparsity": 0.4876694577352472,
    "is_sparse_counts": false,
    "binary_feature_fraction": 0.14473684210526316,
    "feature_signal_strength": 0.1203473617030566,
    "feature_signal_p90": 0.26212499860829874,
    "task": "classification",
    "imbalance_ratio": 9.0,
    "y_skewness": 0.0,
    "y_all_positive": false
  },
  "portfolio_scores": {
    "heuristic": 0.9481481481481482,
    "default": 0.9481481481481482,
    "linear": 0.922962962962963,
    "balanced_rbf": 0.9446913580246914
  },
  "decision_cutoff_raw": 0.7309846613963552,
  "decision_cutoff_raw_source": "oof_balanced_accuracy",
  "decision_cutoff_proba": 0.10537672498679464,
  "decision_cutoff_rank": 0.41578148710166923,
  "decision_cutoff_logit": -2.1388609217199877,
  "calibrator": {
    "method": "platt",
    "coef": 1.457660863150536,
    "intercept": -3.204388654200801
  },
  "ranker": {
    "knots": [
      0.18654773462488733,
      0.21522719523217104,
      0.22871061271061977,
      0.23360833125798558,
      0.2371449068298669,
      0.23933343331623336,
      0.24011605791189045,
      0.24148575170419975,
      0.24447175845798724,
      0.24656195929822444,
      0.2515875005279487,
      0.2530875179062951,
      0.25438377077348356,
      0.25472880051477864,
      0.2558304049691368,
      0.25637378659916454,
      0.25654052337987077,
      0.2566079492808074,
      0.25747017101293723,
      0.25760418645712674,
      0.2577728364861375,
      0.25915045076937676,
      0.259239550842361,
      0.25942455143425974,
      0.26108582820904574,
      0.2615006562314819,
      0.26152859116107025,
      0.26176434740190235,
      0.26183239888958554,
      0.26238893291836435,
      0.26249217600079516,
      0.2631195475577344,
      0.2632228433327385,
      0.26391931861362256,
      0.2648316794090774,
      0.2648537048368261,
      0.26523983244396243,
      0.2657678115673224,
      0.26581338347733835,
      0.2659206810245779,
      0.26600142953057143,
      0.2661382028779133,
      0.26621207796299534,
      0.26649336156027054,
      0.2666077169756637,
      0.26686921971605826,
      0.2669910878957698,
      0.2669944223140605,
      0.2674017945885729,
      0.2674531744516286,
      0.26824339788640866,
      0.26824822688921207,
      0.26865614358611367,
      0.268684387314013,
      0.2689651918395797,
      0.2689854963226735,
      0.2690540374036624,
      0.2690551977491133,
      0.2694724137031335,
      0.26985182779770606,
      0.2705210481884817,
      0.270991600503484,
      0.2712588228564714,
      0.27408345758139574,
      0.27720525429713944,
      0.2773919576168299,
      0.27952151699142286,
      0.28022437382646737,
      0.3395256758876564,
      0.35065408446199303,
      0.5085299553188133,
      0.5132207259138566,
      0.557166064359346,
      0.6078253684238898,
      0.6503276681497656,
      0.6929548667828624,
      0.7224838940505928,
      0.730960233486543,
      0.7309611336407329,
      0.7309628497688762,
      0.7309630366539523,
      0.7309633600411024,
      0.7309634536244236,
      0.7309634793229275,
      0.730963837536142,
      0.7309639522833373,
      0.7309642373229785,
      0.730964460781216,
      0.7309645414576725,
      0.7309648600445563,
      0.7309648709090977,
      0.7309653153864184,
      0.7309655022018288,
      0.7309656563458833,
      0.7309657199857863,
      0.7309657403301414,
      0.7309657437917105,
      0.7309657734078087,
      0.7309658095117971,
      0.7309658124071896,
      0.7309659171202738,
      0.7309660283429363,
      0.7309662255906965,
      0.730966346629398,
      0.7309663698406488,
      0.7309664697325118,
      0.7309665435542806,
      0.7309666184789174,
      0.7309666309879739,
      0.7309666351672157,
      0.7309667099666538,
      0.7309668351307166,
      0.7309668627890286,
      0.730966879808595,
      0.7309669048664129,
      0.7309670129578755,
      0.7309670634792762,
      0.7309671048135827,
      0.730967121460982,
      0.7309671353375363,
      0.73096714814322,
      0.7309671649589611,
      0.7309671692949243,
      0.73096720468683,
      0.7309672143811645,
      0.7309672496873586,
      0.7309672532985559,
      0.7309672856786101,
      0.7309674627522584,
      0.7309675220910776,
      0.7309675232123628,
      0.7309675528889343,
      0.7309675707799741,
      0.7309675857039359,
      0.7309675950251423,
      0.7309676009106381,
      0.7309676098343195,
      0.7309677390613692,
      0.7309677828939382,
      0.7309678513536264,
      0.7309679668144745,
      0.7309679905364441,
      0.730968100121546,
      0.7309681096018812,
      0.7309681268260593,
      0.7309681525656594,
      0.7309681567636995,
      0.7309682484652372,
      0.7309682591360653,
      0.7309683005811127,
      0.7309683252077654,
      0.7309685170303575,
      0.7309685207239659,
      0.7309686016285708,
      0.7309686516458239,
      0.7309687239173991,
      0.7309687602379462,
      0.7309688849339642,
      0.7309691421680395,
      0.7309692249771903,
      0.7309692975255451,
      0.7309692990828625,
      0.7309693530204111,
      0.7309693920578989,
      0.730969563041639,
      0.730969682698705,
      0.730969758229858,
      0.7309697718425272,
      0.7309699727306652,
      0.7309700997953853,
      0.7309701906554931,
      0.7309705115417862,
      0.7309705330386514,
      0.7309705879452486,
      0.7309705978364948,
      0.7309706526426558,
      0.7309706818847911,
      0.730970688619714,
      0.7309707892156446,
      0.7309709615013683,
      0.7309711928352814,
      0.7309719175379825,
      0.7309729907550485,
      0.7309732671901936,
      0.730973807908182,
      0.7309743498224948,
      0.7309744367644506,
      0.7309748533145466,
      0.7309751916270986,
      0.7309756676094677,
      0.730976259174062,
      0.7309763492297631,
      0.730976834983267,
      0.7309773117922828,
      0.7309776352388883,
      0.7309777945107386,
      0.7309782249760339,
      0.7309784484219025,
      0.7309785989543323,
      0.7309789097257846,
      0.7309789645904583,
      0.7309789936391067,
      0.730979091136402,
      0.7309790936202369,
      0.7309791001255824,
      0.7309791368614313,
      0.7309792173913482,
      0.7309792599985584,
      0.7309792835133453,
      0.7309793035667357,
      0.7309793054975705,
      0.7309796485305341,
      0.7309796967480847,
      0.7309796970652499,
      0.730979884550664,
      0.7309801107206342,
      0.730980117964803,
      0.7309802252029004,
      0.7309802754630124,
      0.7309802953541834,
      0.7309803157399634,
      0.7309803228018968,
      0.7309803348648218,
      0.7309804705220228,
      0.7309805358669758,
      0.7309806371435588,
      0.7309807160624929,
      0.7309807322034791,
      0.7309807600366167,
      0.7309807977453591,
      0.7309808686741136,
      0.7309808978255137,
      0.730980933840971,
      0.7309810778553418,
      0.7309811184713237,
      0.7309812776323136,
      0.7309813028932681,
      0.730981360188408,
      0.7309813863299186,
      0.7309814714910318,
      0.7309814756725057,
      0.7309815157964963,
      0.7309815459692847,
      0.7309815630685292,
      0.7309815930189808,
      0.7309817541902376,
      0.7309817811104645,
      0.7309818369722801,
      0.7309819478604759,
      0.730981950388255,
      0.730981986092749,
      0.7309821943790792,
      0.7309822598708463,
      0.7309823174885705,
      0.7309823387953855,
