{
  "n_components": 45,
  "n_features_in": 2048,
  "n_cal_knots": 200,
  "cal_min": 3.0706679821014404,
  "cal_max": 31.29444122314453,
  "scaler": "standard"
}