{
  "task": "classification",
  "format": "onnx",
  "preset_name": "default",
  "use_linear": false,
  "n_features_in": 1615,
  "classes": [
    0,
    1
  ],
  "params": {
    "C": 1.0,
    "kernel": "rbf",
    "gamma": "scale",
    "class_weight": "balanced",
    "max_iter": 1670,
    "tol": 0.001,
    "random_state": 42,
    "use_linear": false
  },
  "profile": {
    "n_samples": 334,
    "n_features": 1615,
    "n_p_ratio": 0.2068111455108359,
    "sparsity": 0.43789139986281306,
    "is_sparse_counts": false,
    "binary_feature_fraction": 0.001238390092879257,
    "feature_signal_strength": 0.1164956928708493,
    "feature_signal_p90": 0.24515528355422736,
    "task": "classification",
    "imbalance_ratio": 2.036363636363636,
    "y_skewness": 0.0,
    "y_all_positive": false
  },
  "portfolio_scores": {
    "heuristic": 0.9698924731182795,
    "default": 0.946236559139785,
    "linear": 0.9311827956989248,
    "balanced_rbf": 0.9311827956989247
  },
  "decision_cutoff_raw": 0.5,
  "decision_cutoff_raw_source": "oof_balanced_accuracy",
  "decision_cutoff_proba": 0.3976708024614368,
  "decision_cutoff_rank": 0.6743730862442971,
  "decision_cutoff_logit": -0.41517960208127896,
  "calibrator": {
    "method": "platt",
    "coef": 6.614877075510599,
    "intercept": -3.722618139836578
  },
  "ranker": {
    "knots": [
      0.21541920747666837,
      0.2158495874063467,
      0.2202882053670513,
      0.22315416741768646,
      0.22510010955626406,
      0.22512458232035867,
      0.2251293792833782,
      0.22683215772405788,
      0.2268580771880701,
      0.2286002248967154,
      0.22992273989004072,
      0.23384564840667607,
      0.23405919603884917,
      0.23424161428277673,
      0.23503443716465008,
      0.23913735264142155,
      0.2392688377550258,
      0.23963837240325178,
      0.23975075348497865,
      0.24375558477180898,
      0.24404199918652938,
      0.2455286562407321,
      0.24558302716348637,
      0.245937213186534,
      0.24689018425133472,
      0.24707355723033683,
      0.24758537404250644,
      0.24862010936008283,
      0.24872440442800592,
      0.24908044530032947,
      0.2491937107393389,
      0.25012144899166955,
      0.2502579701763905,
      0.251872084658719,
      0.25189063582517907,
      0.2520172214162441,
      0.2524014103147386,
      0.25244770686973816,
      0.2528431138464915,
      0.25302686312251566,
      0.2531031799257053,
      0.2535545444321299,
      0.2542153082777834,
      0.25467811945943025,
      0.2547276552124355,
      0.2566321914839119,
      0.25692324322509236,
      0.25705259672382486,
      0.2571996055102836,
      0.2572491843000003,
      0.25788805200550313,
      0.2578942743224689,
      0.25791587867474014,
      0.25811735465646996,
      0.25845768220450727,
      0.2591517599842763,
      0.25935228981465236,
      0.259809697662754,
      0.26018467453861954,
      0.260226179836886,
      0.2602469144358135,
      0.26026643297271,
      0.2605276944760649,
      0.26135142934064015,
      0.2614320111127599,
      0.26182497505446983,
      0.2618888610868861,
      0.26190349425419573,
      0.2626817091979972,
      0.26295542727314475,
      0.26378335069257264,
      0.263863116614276,
      0.2639235084330994,
      0.2644602229586107,
      0.264514396627173,
      0.26493419046300326,
      0.2650583442595533,
      0.26524634699857,
      0.2652502798359872,
      0.26568392887649095,
      0.2656870322129277,
      0.26576268567497774,
      0.2663293468846439,
      0.2672419916814108,
      0.2672498868878389,
      0.26799097871484057,
      0.26878829712251073,
      0.2689510705055448,
      0.2690136096462043,
      0.2690592234529952,
      0.26958831926705296,
      0.2698404372599495,
      0.2699759466762641,
      0.2702837115897963,
      0.2704963822754081,
      0.2705799646735643,
      0.2706760423470538,
      0.27124663275875444,
      0.27135788214110157,
      0.2720854924056332,
      0.27259101966196486,
      0.27310245263309435,
      0.27348320536230813,
      0.2735061093712491,
      0.27354779006486146,
      0.273658721623529,
      0.27480897342686395,
      0.27482214641352926,
      0.2748678919999832,
      0.2749488936886186,
      0.275049169856326,
      0.27576820346032715,
      0.2761216137252796,
      0.27637730763447843,
      0.27659036274382337,
      0.2770970425968486,
      0.27727456193788286,
      0.2780375432658005,
      0.27861029833411927,
      0.27897065468972543,
      0.27915989636873567,
      0.27924658947601927,
      0.2792994489855836,
      0.280461162158233,
      0.281840703736475,
      0.2821734458805748,
      0.2822648258012106,
      0.28242626300865725,
      0.28255691994325954,
      0.2828121655694429,
      0.28284340674851577,
      0.2828641315763226,
      0.28292390196600453,
      0.2836692024431433,
      0.28370671212005083,
      0.2838401063548967,
      0.2840585912911384,
      0.284840784266052,
      0.2851729930789258,
      0.285619958629193,
      0.2858872773316387,
      0.28600986555448954,
      0.28704934536688714,
      0.2874858993842062,
      0.2881751779604253,
      0.2892981120471128,
      0.28938720327611905,
      0.2905482031806976,
      0.29204337321076657,
      0.2922082256489736,
      0.294127415983172,
      0.2955116156846156,
      0.2960957413800024,
      0.29632091611006023,
      0.29671655672140257,
      0.29693815778946864,
      0.29758638002172955,
      0.29836357113133755,
      0.298591961256186,
      0.30282096317730905,
      0.3031154261034637,
      0.3032128187858058,
      0.30555981866969073,
      0.3060622219934754,
      0.3075328062364959,
      0.30762211983853777,
      0.3086190695634739,
      0.3114257079524016,
      0.3139920243231543,
      0.31473438651658464,
      0.3147672018986837,
      0.3157607132144102,
      0.3159475278739944,
      0.31631506507567925,
      0.32300870250733543,
      0.32369811057169545,
      0.32854734275947167,
      0.3304585006213674,
      0.3312651011709734,
      0.33405926132177804,
      0.3351921359475918,
      0.3360641208198241,
      0.3363965760207696,
      0.33780918438722074,
      0.3384794117214315,
      0.3385203687501392,
      0.34383423701346194,
      0.34597884178797883,
      0.35504520674833673,
      0.35676601097364274,
      0.3595445913780028,
      0.3624242508823528,
      0.36537701502018627,
      0.3656061395607838,
      0.365616967867768,
      0.36583951537217024,
      0.3687016183483273,
      0.38340827731676524,
      0.3845649698915789,
      0.39787337243923165,
      0.3991455929883239,
      0.40162760401958786,
      0.4018134621474056,
      0.4029708323201267,
      0.40335961299414974,
      0.41072951922700845,
      0.4110633988570112,
      0.4142325632044281,
      0.4177811676943134,
      0.4188449214310266,
      0.4195083389234585,
      0.4343509968227979,
      0.43510716039823694,
      0.44082063477340006,
      0.44352320162324765,
      0.44413557608851223,
      0.4475554806374639,
      0.450140305457383,
      0.45277436382927383,
      0.45880721613130815,
      0.46687886717859356,
      0.47117868620355186,
      0.4718243956113549,
      0.48315381284985953,
      0.4912031891523761,
      0.5067387328772045,
      0.5070210104868965,
      0.5183058428256836,
      0.523747500477153,
      0.5288819869564896,
      0.5456598373142493,
      0.5647764229889597,
      0.5707162216556821,
      0.584371949799533,
      0.5890072044310058,
      0.59572739456064,
      0.5958622854083505,
      0.603036463626771,
      0.6079480597431502,
      0.6110654269434854,
      0.6110865289725651,
      0.6201055275130175,
      0.6228189169628412,
      0.6249962672290936,
      0.6286013251550211,
      0.6298701016088939,
      0.6352809680415515,
      0.6422252607812214,
      0.6449986629393919,
      0.6499440427017402,
      0.6517879600217382,
      0.6535196794585699,
