{
  "task": "classification",
  "format": "onnx",
  "preset_name": "default",
  "best_iteration": 99,
  "params": {
    "tree_method": "hist",
    "device": "cpu",
    "learning_rate": 0.3,
    "max_depth": 6,
    "min_child_weight": 1,
    "subsample": 1.0,
    "colsample_bytree": 1.0,
    "reg_alpha": 0.0,
    "reg_lambda": 1.0,
    "max_bin": 256,
    "n_estimators": 2000,
    "early_stopping_rounds": 50,
    "nthread": 56,
    "objective": "binary:logistic",
    "scale_pos_weight": 2.0364,
    "eval_metric": "auc"
  },
  "profile": {
    "n_samples": 334,
    "n_features": 1615,
    "n_p_ratio": 0.2068111455108359,
    "sparsity": 0.43789139986281306,
    "is_sparse_counts": false,
    "binary_feature_fraction": 0.001238390092879257,
    "feature_signal_strength": 0.1164956928708493,
    "feature_signal_p90": 0.24515528355422736,
    "task": "classification",
    "imbalance_ratio": 2.036363636363636,
    "y_skewness": 0.0,
    "y_all_positive": false
  },
  "portfolio_scores": {
    "flaml": NaN,
    "autogluon": NaN,
    "heuristic": 0.9637992831541219,
    "default": 0.9770609318996416
  },
  "decision_cutoff_raw": 0.1310914158821106,
  "decision_cutoff_raw_source": "oof_balanced_accuracy",
  "decision_cutoff_proba": 0.14772370753311814,
  "decision_cutoff_rank": 0.6276276276276276,
  "decision_cutoff_logit": -1.7525670731403558,
  "calibrator": {
    "method": "platt",
    "coef": 4.128339231701607,
    "intercept": -2.293756908265784
  },
  "ranker": {
    "knots": [
      0.00023161970602814108,
      0.00024587579537183046,
      0.0002869635063689202,
      0.0002882011467590928,
      0.00029557166271843016,
      0.00042234137072227895,
      0.0004906277172267437,
      0.0005084295407868922,
      0.0006291556637734175,
      0.0006347576272673905,
      0.0006411285139620304,
      0.0006415530806407332,
      0.0006490298546850681,
      0.0006792467902414501,
      0.0006982879131101072,
      0.0007219923427328467,
      0.0007858081953600049,
      0.0007995535270310938,
      0.0008020889363251626,
      0.0008168529602698982,
      0.0008550419006496668,
      0.0008660379098728299,
      0.0008819043869152665,
      0.0009415787644684315,
      0.0009543888154439628,
      0.0009678233182057738,
      0.00101307628210634,
      0.0010575327323749661,
      0.0010587131837382913,
      0.0010806780774146318,
      0.0011138380505144596,
      0.0011376081965863705,
      0.0011777892941609025,
      0.0013077596668154001,
      0.0013346194755285978,
      0.0013348107459023595,
      0.0013490995625033975,
      0.0013493705773726106,
      0.001388047938235104,
      0.0014125872403383255,
      0.0014514806680381298,
      0.0014955655205994844,
      0.0015823276480659842,
      0.0015925817424431443,
      0.0016069464618340135,
      0.0016180728562176228,
      0.00164002925157547,
      0.001662575057707727,
      0.0016702564898878336,
      0.0016893245046958327,
      0.0017168328631669283,
      0.0017458724323660135,
      0.001775147276930511,
      0.0017898865044116974,
      0.0018141925102099776,
      0.0018412137869745493,
      0.0018557036528363824,
      0.0018616829765960574,
      0.001967075979337096,
      0.001995338359847665,
      0.0019970282446593046,
      0.0020341789349913597,
      0.0021224026568233967,
      0.002197162015363574,
      0.0022047930397093296,
      0.002252291887998581,
      0.0023226772900670767,
      0.002323657739907503,
      0.002392292022705078,
      0.0024038751143962145,
      0.0024523246102035046,
      0.0025119069032371044,
      0.00255040405318141,
      0.0025619331281632185,
      0.0025621317327022552,
      0.0025690393522381783,
      0.0026143330615013838,
      0.002654350595548749,
      0.0026584980078041553,
      0.002674794988706708,
      0.0026940538082271814,
      0.0026940538082271814,
      0.002715238370001316,
      0.0027772379107773304,
      0.002817378146573901,
      0.0028653405606746674,
      0.002915268996730447,
      0.003048158250749111,
      0.0031380606815218925,
      0.0031960296910256147,
      0.0032180806156247854,
      0.00337629159912467,
      0.003523989114910364,
      0.003555817063897848,
      0.0036928863264620304,
      0.003694964339956641,
      0.0036988528445363045,
      0.0037794706877321005,
      0.0037937944289296865,
      0.003882209537550807,
      0.00403194734826684,
      0.004437540657818317,
      0.0045319413766264915,
      0.004582924302667379,
      0.004748569801449776,
      0.004823583178222179,
      0.00484670652076602,
      0.004861434455960989,
      0.004932035692036152,
      0.005039835348725319,
      0.005128271412104368,
      0.005208979826420546,
      0.0052633206360042095,
      0.0053069316782057285,
      0.005334102548658848,
      0.0054403613321483135,
      0.005522438790649176,
      0.005646958947181702,
      0.005655919201672077,
      0.0057422504760324955,
      0.0057453494518995285,
      0.0057593234814703465,
      0.005821670405566692,
      0.0059275394305586815,
      0.006208870094269514,
      0.006210137624293566,
      0.006393971387296915,
      0.0064553008414804935,
      0.006540698930621147,
      0.006621107459068298,
      0.006645556073635817,
      0.006710884161293507,
      0.007041641976684332,
      0.007312134373933077,
      0.007838155142962933,
      0.007972894236445427,
      0.007989823818206787,
      0.008223320357501507,
      0.008970316499471664,
      0.009192777797579765,
      0.009192777797579765,
      0.009229728020727634,
      0.009404696524143219,
      0.009404696524143219,
      0.009635113179683685,
      0.010486957617104053,
      0.010591304861009121,
      0.010685170069336891,
      0.011144318617880344,
      0.011449319310486317,
      0.01157053280621767,
      0.011908871121704578,
      0.012267478741705418,
      0.012926178984344006,
      0.013544381596148014,
      0.013975508511066437,
      0.014231855049729347,
      0.014562008902430534,
      0.014606312848627567,
      0.014820999465882778,
      0.01515878550708294,
      0.01565922424197197,
      0.01622190698981285,
      0.016344713047146797,
      0.016359476372599602,
      0.01709018647670746,
      0.01730075106024742,
      0.017903856933116913,
      0.018017714843153954,
      0.018620014190673828,
      0.019302543252706528,
      0.01972157135605812,
      0.020507127046585083,
      0.020828749984502792,
      0.021517932415008545,
      0.02157624065876007,
      0.021676896139979362,
      0.02319624461233616,
      0.02892880327999592,
      0.0292124692350626,
      0.030521858483552933,
      0.03256037458777428,
      0.0334186926484108,
      0.03491516783833504,
      0.0421275794506073,
      0.044299036264419556,
      0.0456501841545105,
      0.04657715559005737,
      0.051218435168266296,
      0.054679352790117264,
      0.056784216314554214,
      0.0567985437810421,
      0.05882205069065094,
      0.05941100791096687,
      0.059865064918994904,
      0.0615512914955616,
      0.06254012882709503,
      0.06604454666376114,
      0.07544025033712387,
      0.07727839052677155,
      0.08226662129163742,
      0.08479447662830353,
      0.0882907509803772,
      0.08937318623065948,
      0.09969417005777359,
      0.10054830461740494,
      0.11243331432342529,
      0.1195736899971962,
      0.1300467550754547,
      0.1310914158821106,
      0.14346717298030853,
      0.16022051870822906,
      0.16530302166938782,
      0.1750253289937973,
      0.18128976225852966,
      0.18672676384449005,
      0.22503846883773804,
      0.22619716823101044,
      0.2459469735622406,
      0.27578797936439514,
      0.28013429045677185,
      0.309649258852005,
      0.35581785440444946,
      0.35765957832336426,
      0.38696062564849854,
      0.3899596631526947,
      0.4227747619152069,
      0.4358856976032257,
      0.4493626356124878,
      0.48855024576187134,
      0.5021898746490479,
