{
    "portfolio": [
        "xgb",
        "rf",
        "svc"
    ],
    "max_batch_size": 100000,
    "max_imbalance_ratio": 100,
    "num_batches": 1,
    "population_prior": 0.1,
    "batch_priors": [
        0.1
    ],
    "decision_cutoff_raw": 0.19898096791602557,
    "decision_cutoff_proba": 0.06373536890663056,
    "decision_cutoff_rank": 0.7668976599377323,
    "decision_cutoff_logit": -2.6871585116946433,
    "decision_cutoff_lift": 0.6373536890663056
}