{
  "n_components": 27,
  "n_features_in": 768,
  "n_cal_knots": 200,
  "cal_min": 2.5214545726776123,
  "cal_max": 12.575660705566406,
  "scaler": "standard"
}