{
  "mode": "slow",
  "descriptor_types": [
    "chemeleon",
    "clamp",
    "morgan"
  ],
  "n_compounds": 23934,
  "n_actives": 262,
  "ratio_actives": 0.01094677028495028,
  "population_prior": 0.01094677028495028,
  "portfolio": [
    "xgb",
    "rf"
  ],
  "num_batches": {
    "chemeleon": 1,
    "clamp": 1,
    "morgan": 1
  },
  "decision_cutoff_raw": 0.0634764671678777,
  "decision_cutoff_proba": 0.005850372336568279,
  "decision_cutoff_rank": 0.9104523239656417,
  "oof_aucs": {
    "chemeleon": 0.9758361087534729,
    "clamp": 0.968238637976003,
    "morgan": 0.9787383683883301
  },
  "proxy_aucs": {
    "chemeleon": 0.9310162713574063,
    "clamp": 0.9479097603636467,
    "morgan": 0.9439934028413767
  },
  "train_aucs": {
    "chemeleon": 0.999911964791076,
    "clamp": 0.9999888746713997,
    "morgan": 0.9998120786886431
  },
  "quality_aucs": {
    "chemeleon": 0.9517602527158698,
    "clamp": 0.9364884012806062,
    "morgan": 0.957664658088017
  },
  "active_descriptors": {
    "chemeleon": true,
    "clamp": true,
    "morgan": true
  },
  "ad_hard_cutoffs": {
    "chemeleon": 0.05000000074505806,
    "clamp": 0.05000000074505806,
    "morgan": 0.05000000074505806
  },
  "rank_error_curves": {
    "chemeleon": [
      [
        0.06224215140574192,
        0.12427019969579602,
        0.16964723309514804,
        0.21286592915188277,
        0.25211588542734104,
        0.29157365622683995,
        0.3296240690488126,
        0.3678933375396373,
        0.40721607773470403,
        0.4476689235308501,
        0.48877542333725943,
        0.5323720541429835,
        0.5795393245804253,
        0.6300932741581752,
        0.6847737647223082,
        0.7474718328987191,
        0.8085935110771976,
        0.87622357135517,
        0.9398619143502601,
        1.0
      ],
      [
        0.00331316894422328,
        0.003327819840266339,
        0.0033444246114996017,
        0.0033591842418263787,
        0.003373249932325697,
        0.0033890102585451927,
        0.003409229922777616,
        0.0034324053915956274,
        0.0034526348136054335,
        0.003480528121037458,
        0.003520558212370371,
        0.003558947319803655,
        0.0036053697948921237,
        0.0036722043918291825,
        0.003755864103089644,
        0.003898439732814872,
        0.004131478424847129,
        0.004673521126539099,
        0.007234409048656812,
        0.12653435981931477
      ]
    ],
    "clamp": [
      [
        0.07592242785028316,
        0.10141669318456056,
        0.1382271026554375,
        0.17695743553284304,
        0.2158235310711315,
        0.25548650029059894,
        0.29422246688063314,
        0.33372495227877086,
        0.372109618482369,
        0.4135312424190177,
        0.45591031796027576,
        0.4993403212928408,
        0.5469454938802624,
        0.5979794954308139,
        0.6544877718380273,
        0.7148554598657191,
        0.7806600724072676,
        0.8482049819653509,
        0.9217557242432661,
        1.0
      ],
      [
        0.0043122585991057245,
        0.004324938343673236,
        0.004338790418086282,
        0.004359677615991335,
        0.004374845530576371,
        0.004395118702082695,
        0.004418913021836648,
        0.004441547054667598,
        0.004458565256718654,
        0.0044862358765468974,
        0.004522918500301117,
        0.004564584321155863,
        0.004623397197761268,
        0.004679406831852129,
        0.004779297968710091,
        0.00489869959228507,
        0.005127227827457586,
        0.0055920332646955725,
        0.0074495426427066734,
        0.0820000059802018
      ]
    ],
    "morgan": [
      [
        0.004656997747110109,
        0.11786483766595832,
        0.17797645348234067,
        0.22809976033802232,
        0.27207350164016203,
        0.3129366692130751,
        0.3506487372540591,
        0.38780654091508143,
        0.4255305161754107,
        0.4639903764937001,
        0.5023789734118042,
        0.5435307193457781,
        0.5894562159407903,
        0.6363436210311659,
        0.6855349228882829,
        0.7404649364685087,
        0.8003115045051419,
        0.8661341706067991,
        0.9329036700665035,
        0.9999025480218882
      ],
      [
        0.002517193727808075,
        0.0025675338343932757,
        0.0026017334913569466,
        0.002634233814507267,
        0.00265343445574736,
        0.0026773177231434043,
        0.002703190872844655,
        0.0027247463805035064,
        0.0027652677513204235,
        0.002801306160899043,
        0.0028589533390204393,
        0.0029277344393691626,
        0.002988361205217213,
        0.0031591654590893427,
        0.003166385639211367,
        0.003377893515787922,
        0.0037058089163443716,
        0.004499109148667145,
        0.009089316346274112,
        0.20475705113092807
      ]
    ]
  },
  "decision_cutoff_logit": -5.1353824196814735,
  "decision_cutoff_lift": 0.5344382118451343
}