{
  "n_components": 45,
  "n_features_in": 2048,
  "n_cal_knots": 200,
  "cal_min": 3.2056198120117188,
  "cal_max": 28.501998901367188,
  "scaler": "standard"
}