{
  "task": "classification",
  "format": "onnx",
  "preset_name": "default",
  "use_linear": false,
  "n_features_in": 1854,
  "classes": [
    0,
    1
  ],
  "params": {
    "C": 1.0,
    "kernel": "rbf",
    "gamma": "scale",
    "class_weight": "balanced",
    "max_iter": 2950,
    "tol": 0.001,
    "random_state": 42,
    "use_linear": false
  },
  "profile": {
    "n_samples": 590,
    "n_features": 1854,
    "n_p_ratio": 0.3182308522114347,
    "sparsity": 0.0,
    "is_sparse_counts": false,
    "binary_feature_fraction": 0.0,
    "feature_signal_strength": 0.1433259786108561,
    "feature_signal_p90": 0.34332014791808463,
    "task": "classification",
    "imbalance_ratio": 9.0,
    "y_skewness": 0.0,
    "y_all_positive": false
  },
  "portfolio_scores": {
    "heuristic": 0.965925925925926,
    "default": 0.9649382716049383,
    "linear": 0.9293827160493826,
    "balanced_rbf": 0.9644444444444444
  },
  "decision_cutoff_raw": 0.4101842884465986,
  "decision_cutoff_raw_source": "oof_balanced_accuracy",
  "decision_cutoff_proba": 0.12170010460564595,
  "decision_cutoff_rank": 0.8862478777589134,
  "decision_cutoff_logit": -1.9764282422928776,
  "calibrator": {
    "method": "platt",
    "coef": 8.140153413483278,
    "intercept": -5.315391278048667
  },
  "ranker": {
    "knots": [
      0.21074961010341045,
      0.21293938454036837,
      0.21597946839441057,
      0.21643469681672442,
      0.21651224244377204,
      0.2167831865260351,
      0.21702188281255919,
      0.21739455042637298,
      0.21865510946331534,
      0.22006173287658806,
      0.220212198851679,
      0.22140036891492315,
      0.2217974440247978,
      0.22189985339652463,
      0.2227914524621056,
      0.22314759813829893,
      0.2235880531869844,
      0.22415725701122377,
      0.22465437416021225,
      0.22543244122584838,
      0.22554758886088783,
      0.22634929039528942,
      0.22754343941447866,
      0.2276246915372026,
      0.2277684851365972,
      0.2278240848117909,
      0.22796314687188976,
      0.22803340761587598,
      0.22850818513077142,
      0.22898766401119808,
      0.22939318647025253,
      0.22940583117120536,
      0.22948433439126886,
      0.22969462201645205,
      0.22993373912384293,
      0.2299409419889284,
      0.23021868415345426,
      0.23052745754338164,
      0.23115568796037175,
      0.23142351712866324,
      0.23153607711569085,
      0.2317411910246621,
      0.23193401982650164,
      0.23220947205051132,
      0.23299327980866136,
      0.2330415479680065,
      0.2332246696343098,
      0.23390099144525459,
      0.2341637999817218,
      0.23424867258079596,
      0.23430869165463405,
      0.23457347684241495,
      0.2349232631979128,
      0.23526256160094258,
      0.23538061280971748,
      0.23549674740831655,
      0.23569707139854243,
      0.2360293108266764,
      0.23630829345711243,
      0.23631384375187794,
      0.2363787437233471,
      0.2364902283689586,
      0.23701296555367898,
      0.237156782350097,
      0.23728742623612006,
      0.23730961526609504,
      0.23757474160193123,
      0.23790548651692808,
      0.238143488081921,
      0.2383079029035124,
      0.23850025649327142,
      0.23857212316853882,
      0.23869415349376716,
      0.23871813912380607,
      0.23872860968415552,
      0.23875840682973257,
      0.23877468035935973,
      0.23892731715870394,
      0.23932225415415376,
      0.23975017253000241,
      0.2398519538151466,
      0.24012322751399534,
      0.24022916795404642,
      0.24042377961929903,
      0.24079035459883166,
      0.24089589275497428,
      0.2409271817930221,
      0.24096524666990143,
      0.2413936589481268,
      0.24146456208987493,
      0.24147262080239798,
      0.24153283377367446,
      0.24159798135544425,
      0.24188392892873078,
      0.24197027276818409,
      0.2420439717723103,
      0.24205465855532857,
      0.24223006502484412,
      0.2422653268557355,
      0.24266016297452045,
      0.24306868056992956,
      0.24408240737192038,
      0.24412070303099317,
      0.24436235142774387,
      0.2443828946775728,
      0.24452975708840835,
      0.24457118911201628,
      0.2447399430537928,
      0.24489455789463446,
      0.24490204018629072,
      0.24511515717079554,
      0.24517798017321465,
      0.24522021017461587,
      0.24528997789797066,
      0.2457126032756265,
      0.24571289564773457,
      0.24571930215619708,
      0.24619937431483244,
      0.24620356971442492,
      0.24636797208203293,
      0.24641293316268795,
      0.2464636949005452,
      0.2464672010125528,
      0.2466381862233909,
      0.24697892782927403,
      0.24711476457654166,
      0.24722886379558556,
      0.24724412782478614,
      0.24760722313152356,
      0.24774501594856263,
      0.24783770612937078,
      0.24817333631517896,
      0.24827639030180326,
      0.24831349646724882,
      0.24842584699003123,
      0.24852051369686362,
      0.24854876389547426,
      0.24871656523894833,
      0.24908071322040748,
      0.24909865778175894,
      0.2491233301091014,
      0.24946753563423785,
      0.24956631182444594,
      0.2498038060654992,
      0.24983767749934002,
      0.24988552264872138,
      0.2501202861593597,
      0.25021578284556917,
      0.25026938406386223,
      0.25035729713519794,
      0.2506115100899995,
      0.2507858059721187,
      0.25090055920228077,
      0.25096906692276355,
      0.25104670196731654,
      0.25126265375207385,
      0.25129993268899253,
      0.2513401722810927,
      0.2515588407102972,
      0.25156099496105255,
      0.25181974345708497,
      0.2519163796597459,
      0.25211142136661857,
      0.25228753127374737,
      0.25234954260018394,
      0.2524972519845721,
      0.2525301395234688,
      0.25269589538235687,
      0.2529019216394487,
      0.25292059996600996,
      0.2529480096230632,
      0.25335138947583424,
      0.2534225252713683,
      0.2535612064361063,
      0.25357452934771635,
      0.2536225976243563,
      0.2536676020255966,
      0.2537481853016105,
      0.2537611350431443,
      0.2539154491381218,
      0.2540801231157483,
      0.2541063431086244,
      0.25412592721826904,
      0.2541859132664615,
      0.25419790693072536,
      0.25423432061329393,
      0.25431310903359583,
      0.2543361690914187,
      0.25450150865477933,
      0.2545657906272209,
      0.2545783967559446,
      0.25471002771640644,
      0.25471437683169534,
      0.25473198330728336,
      0.2547609839027717,
      0.25478176946981557,
      0.2548102428625682,
      0.25481506552885086,
      0.2549046935184064,
      0.2551047690178264,
      0.2551096349045795,
      0.25527886084106083,
      0.2554534029538529,
      0.25547945868680233,
      0.25608142676320284,
      0.2561452283612032,
      0.25617082486310144,
      0.2563626041131353,
      0.25637053683634325,
      0.2565892232553534,
      0.2566236752789923,
      0.25663506373592604,
      0.25669728823373456,
      0.2567849574819107,
      0.25695565177557944,
      0.2570148749038774,
      0.2570604318995107,
      0.2570981491482455,
      0.25721796249014206,
      0.2572852589148683,
      0.25729440141808696,
      0.2574973817067844,
      0.2575150833772923,
      0.2577557369582039,
      0.2579582427247865,
      0.25806781762678876,
      0.258094780704546,
      0.25833952369481655,
      0.258437144458697,
      0.2584436142503884,
      0.25874694336973325,
      0.2587477667179314,
      0.25877548639577536,
      0.25908591830090333,
      0.2591619230617611,
      0.2593725478351543,
      0.2593728916248415,
      0.25940959913769523,
      0.25953912145314045,
      0.2595725048550862,
      0.25957530464992673,
      0.25961400222443504,
      0.2598864449054851,
      0.2601440793332573,
      0.2601590139558273,
      0.2601853422382007,
      0.2606024880387425,
      0.2606063815735779,
      0.26065387196202106,
      0.26075638589889455,
      0.26078268889111833,
