{
  "task": "classification",
  "format": "onnx",
  "preset_name": "default",
  "best_iteration": 99,
  "params": {
    "tree_method": "hist",
    "device": "cpu",
    "learning_rate": 0.3,
    "max_depth": 6,
    "min_child_weight": 1,
    "subsample": 1.0,
    "colsample_bytree": 1.0,
    "reg_alpha": 0.0,
    "reg_lambda": 1.0,
    "max_bin": 256,
    "n_estimators": 2000,
    "early_stopping_rounds": 50,
    "nthread": 64,
    "objective": "binary:logistic",
    "scale_pos_weight": 9.0,
    "eval_metric": "auc"
  },
  "profile": {
    "n_samples": 590,
    "n_features": 1854,
    "n_p_ratio": 0.3182308522114347,
    "sparsity": 0.0,
    "is_sparse_counts": false,
    "binary_feature_fraction": 0.0,
    "feature_signal_strength": 0.1433259786108561,
    "feature_signal_p90": 0.34332014791808463,
    "task": "classification",
    "imbalance_ratio": 9.0,
    "y_skewness": 0.0,
    "y_all_positive": false
  },
  "portfolio_scores": {
    "flaml": NaN,
    "autogluon": NaN,
    "heuristic": 0.9793650793650794,
    "default": 0.9842940685045948
  },
  "decision_cutoff_raw": 0.05896022543311119,
  "decision_cutoff_raw_source": "oof_balanced_accuracy",
  "decision_cutoff_proba": 0.025094265249084022,
  "decision_cutoff_rank": 0.8777589134125636,
  "decision_cutoff_logit": -3.6597014401160792,
  "calibrator": {
    "method": "platt",
    "coef": 5.711450742116193,
    "intercept": -3.9964498634213603
  },
  "ranker": {
    "knots": [
      0.00022880536562297493,
      0.00022880536562297493,
      0.00025537112378515303,
      0.00025972569710575044,
      0.00025972569710575044,
      0.0002621903258841485,
      0.0002636746212374419,
      0.0002661528706084937,
      0.0002661528706084937,
      0.0002670302928891033,
      0.0002879633102566004,
      0.0002879633102566004,
      0.0002879633102566004,
      0.0002879633102566004,
      0.0002879633102566004,
      0.0002910774201154709,
      0.0002910774201154709,
      0.00029930571326985955,
      0.00029939875821582973,
      0.00030311438604258,
      0.0003032944805454463,
      0.0003067117650061846,
      0.0003075753047596663,
      0.0003075753047596663,
      0.0003075753047596663,
      0.0003075753047596663,
      0.0003153824945911765,
      0.00031803108868189156,
      0.00033039486152119935,
      0.00033039486152119935,
      0.00033302942756563425,
      0.00033302942756563425,
      0.00033302942756563425,
      0.00033302942756563425,
      0.00033302942756563425,
      0.0003413995145820081,
      0.0003437555569689721,
      0.00034425666672177613,
      0.0003443840250838548,
      0.0003481183957774192,
      0.00034857584978453815,
      0.0003494122647680342,
      0.00034985007368959486,
      0.00034985007368959486,
      0.00035094894701614976,
      0.00035172971547581255,
      0.00035172971547581255,
      0.00035387807292863727,
      0.0003539587196428329,
      0.00035427522379904985,
      0.00035427522379904985,
      0.00035883954842574894,
      0.00035923405084758997,
      0.0003595893504098058,
      0.0003614886954892427,
      0.000363498053047806,
      0.00036378682125359774,
      0.0003655406762845814,
      0.0003729508025571704,
      0.00037544252700172365,
      0.00037587154656648636,
      0.0003765052242670208,
      0.0003765052242670208,
      0.00037916924338787794,
      0.0003800533595494926,
      0.00038181242416612804,
      0.00038357710582204163,
      0.00038357710582204163,
      0.0003841593279503286,
      0.0003859136486425996,
      0.00039237568853423,
      0.0003975440049543977,
      0.0003984243958257139,
      0.00040046521462500095,
      0.0004005896917078644,
      0.00040133140282705426,
      0.00040300970431417227,
      0.00040300970431417227,
      0.00040300970431417227,
      0.00040362065192312,
      0.00040464210906066,
      0.00040464210906066,
      0.0004054711607750505,
      0.000409814907470718,
      0.0004116043564863503,
      0.0004151449538767338,
      0.00041628690087236464,
      0.00042162855970673263,
      0.0004221839481033385,
      0.00042288564145565033,
      0.0004232036299072206,
      0.00042758334893733263,
      0.0004279001441318542,
      0.00042936927638947964,
      0.00043049940722994506,
      0.0004315539263188839,
      0.0004326514608692378,
      0.0004361208702903241,
      0.0004361208702903241,
      0.00043675591587089,
      0.0004367736109998077,
      0.0004375843855086714,
      0.000438899704022333,
      0.0004392933624330908,
      0.00043943349737674,
      0.00044175604125484824,
      0.0004417944001033902,
      0.00044203572906553745,
      0.0004431098641362041,
      0.0004432215937413275,
      0.000444248435087502,
      0.00044603762216866016,
      0.0004477151669561863,
      0.0004487480618990958,
      0.0004493861342780292,
      0.0004493861342780292,
      0.00044973299372941256,
      0.00045011710608378053,
      0.00045045471051707864,
      0.0004545339907053858,
      0.0004545339907053858,
      0.00045460896217264235,
      0.0004548759898170829,
      0.00045524383313022554,
      0.00045730220153927803,
      0.0004582401888910681,
      0.0004590638563968241,
      0.00045968740596435964,
      0.0004607062437571585,
      0.0004632871423382312,
      0.00046333615318872035,
      0.00046525386278517544,
      0.00046718973317183554,
      0.00046943739289417863,
      0.00047049892600625753,
      0.00047104505938477814,
      0.00047104505938477814,
      0.00047104505938477814,
      0.00047324178740382195,
      0.0004748434294015169,
      0.00047640554839745164,
      0.0004771802050527185,
      0.0004799137532245368,
      0.00048163477913476527,
      0.0004817975568585098,
      0.0004835970757994801,
      0.0004837116284761578,
      0.00048377300845459104,
      0.00048402207903563976,
      0.0004852060228586197,
      0.0004859818145632744,
      0.0004864959919359535,
      0.0004872006829828024,
      0.0004877220490016043,
      0.0004919630591757596,
      0.0004953161114826798,
      0.0005002209800295532,
      0.0005002209800295532,
      0.0005029393942095339,
      0.0005032041226513684,
      0.0005044604768045247,
      0.000508798926603049,
      0.000508798926603049,
      0.0005106586031615734,
      0.0005121751455590129,
      0.0005127620534040034,
      0.0005136797553859651,
      0.0005164300091564655,
      0.0005169988726265728,
      0.0005169988726265728,
      0.000521391979418695,
      0.0005226874491199851,
      0.0005233941483311355,
      0.0005239089950919151,
      0.0005239741876721382,
      0.0005247578956186771,
      0.0005284937215037644,
      0.0005324248922988772,
      0.0005333269364200532,
      0.0005333897424861789,
      0.00053394929273054,
      0.0005341992364265025,
      0.0005342832300812006,
      0.0005347328842617571,
      0.0005348562262952328,
      0.0005357596091926098,
      0.0005383380339480937,
      0.0005386246484704316,
      0.0005424961564131081,
      0.0005429632728919387,
      0.0005436738138087094,
      0.0005457740044221282,
      0.0005458234227262437,
      0.0005468907183967531,
      0.0005469050374813378,
      0.0005482686101458967,
      0.0005502650747075677,
      0.0005516078090295196,
      0.0005542857106775045,
      0.0005547526525333524,
      0.0005562664591707289,
      0.0005585464532487094,
      0.0005586513434536755,
      0.0005600137519650161,
      0.0005606709746643901,
      0.0005623906035907567,
      0.0005656842258758843,
      0.0005659331218339503,
      0.0005663238116540015,
      0.0005677622393704951,
      0.0005681720213033259,
      0.0005690369871445,
      0.0005726178060285747,
      0.0005731239798478782,
      0.0005749541451223195,
      0.0005750138661824167,
      0.0005760816275142133,
      0.0005825131665915251,
      0.0005826734122820199,
      0.0005834477487951517,
      0.000584453227929771,
      0.000585170928388834,
      0.0005863416590727866,
      0.000586890964768827,
