{
    "portfolio": [
        "xgb",
        "rf"
    ],
    "max_batch_size": 100000,
    "max_imbalance_ratio": 100,
    "num_batches": 1,
    "population_prior": 0.19773906597479615,
    "batch_priors": [
        0.19773906597479615
    ],
    "decision_cutoff_raw": 0.16320626253164744,
    "decision_cutoff_proba": 0.2403846153846154,
    "decision_cutoff_rank": 0.6962928637627432,
    "decision_cutoff_logit": -1.1505720275988207,
    "decision_cutoff_lift": 1.2156657775214477
}