{
  "n_components": 14,
  "n_features_in": 217,
  "n_cal_knots": 200,
  "cal_min": 1.4247477054595947,
  "cal_max": 16.62906265258789,
  "scaler": "standard"
}