{
  "mode": "slow",
  "descriptor_types": [
    "chemeleon",
    "clamp",
    "morgan"
  ],
  "n_compounds": 1080,
  "n_actives": 108,
  "ratio_actives": 0.1,
  "population_prior": 0.1,
  "portfolio": [
    "lr",
    "xgb",
    "rf",
    "svc"
  ],
  "num_batches": {
    "chemeleon": 1,
    "clamp": 1,
    "morgan": 1
  },
  "decision_cutoff_raw": 0.18989423867963015,
  "decision_cutoff_proba": 0.057590619772748326,
  "decision_cutoff_rank": 0.8355730614766759,
  "oof_aucs": {
    "chemeleon": 0.981976832799878,
    "clamp": 0.9848346288675507,
    "morgan": 0.9853776101204085
  },
  "proxy_aucs": {
    "chemeleon": 0.9779568663313519,
    "clamp": 0.9764041304679165,
    "morgan": 0.9718697607072093
  },
  "train_aucs": {
    "chemeleon": 1.0,
    "clamp": 1.0,
    "morgan": 1.0
  },
  "quality_aucs": {
    "chemeleon": 0.963953665599756,
    "clamp": 0.9696692577351014,
    "morgan": 0.970755220240817
  },
  "active_descriptors": {
    "chemeleon": true,
    "clamp": true,
    "morgan": true
  },
  "ad_hard_cutoffs": {
    "chemeleon": 0.05000000074505806,
    "clamp": 0.05000000074505806,
    "morgan": 0.05000000074505806
  },
  "rank_error_curves": {
    "chemeleon": [
      [
        0.08970269580597645,
        0.1367711490258735,
        0.17483647092473534,
        0.20894188296924976,
        0.2410020533169365,
        0.2662767501130454,
        0.29577376038838776,
        0.32578575696611317,
        0.35469457020859674,
        0.39466172384627546,
        0.4322715653676733,
        0.4666984052606943,
        0.5077931298132314,
        0.5536613186602948,
        0.5978336876097409,
        0.6812403654138,
        0.8018538542436294,
        0.9003269679796082,
        0.9745342921421969,
        0.9996940541223747
      ],
      [
        0.018897579742396916,
        0.019104796574339052,
        0.01939664668421869,
        0.019602795166203897,
        0.019817003499176915,
        0.020201564285451203,
        0.02043475301812979,
        0.020792742477174726,
        0.021326605105345196,
        0.021575209416566443,
        0.022692460455530698,
        0.023774542509115804,
        0.023558168016920105,
        0.024114084447134337,
        0.025393630250923217,
        0.031864733836683805,
        0.08780820961901081,
        0.2612740470042044,
        0.2262947678832962,
        0.186469403960644
      ]
    ],
    "clamp": [
      [
        0.05475450611677192,
        0.10954724473111631,
        0.14708084855942188,
        0.17715282744673333,
        0.21665539709481335,
        0.25236351538977386,
        0.284906267258512,
        0.32361742556141065,
        0.3545244578778721,
        0.3870720892044931,
        0.4145927679905507,
        0.4579796714699695,
        0.49888958433778896,
        0.5451418892634006,
        0.598866985826884,
        0.6570718226940762,
        0.7630787663875332,
        0.8983674662739501,
        0.9662368343806723,
        0.9981162704645328
      ],
      [
        0.01780288979937991,
        0.018338734658347636,
        0.018635328224356325,
        0.018818769281400204,
        0.019272907979567676,
        0.019428977118683494,
        0.019839748023102354,
        0.0201226069596602,
        0.020104715244609613,
        0.020716915082692983,
        0.02112439060332721,
        0.021704329058672735,
        0.022222273556721763,
        0.022713845143298262,
        0.024503908330793207,
        0.03539171312389365,
        0.09145361009003783,
        0.2989543551118328,
        0.22901502305183735,
        0.18939334480895167
      ]
    ],
    "morgan": [
      [
        0.09618646421706359,
        0.14085657939565296,
        0.17222917533104937,
        0.20029593309138188,
        0.22863572170388663,
        0.25221183788475493,
        0.2743960192902646,
        0.2949963415976336,
        0.3150796564168976,
        0.3412201756979959,
        0.36589670389806306,
        0.40247396101423605,
        0.43013559774330967,
        0.4628970246503443,
        0.5039002614122008,
        0.5809093937145422,
        0.8001157639735423,
        0.892501445039386,
        0.9599697599143291,
        0.9923386194217305
      ],
      [
        0.015240678199721682,
        0.015573046118048257,
        0.01602720072492865,
        0.01630039300955237,
        0.01729547704439041,
        0.017259259691562757,
        0.01764312450514725,
        0.017840192146787993,
        0.018345064705207144,
        0.019357444429382892,
        0.019346894596124986,
        0.01986044503594029,
        0.020716862790910638,
        0.022340749259246048,
        0.02442643284703406,
        0.027251961735943013,
        0.09810386230391244,
        0.3045757478135896,
        0.24447652754783655,
        0.17883953447396297
      ]
    ]
  },
  "decision_cutoff_logit": -2.795080063127033,
  "decision_cutoff_lift": 0.5759061977274832
}