{
  "task": "classification",
  "format": "onnx",
  "preset_name": "default",
  "use_linear": false,
  "n_features_in": 2043,
  "classes": [
    0,
    1
  ],
  "params": {
    "C": 1.0,
    "kernel": "rbf",
    "gamma": "scale",
    "class_weight": "balanced",
    "max_iter": 2950,
    "tol": 0.001,
    "random_state": 42,
    "use_linear": false
  },
  "profile": {
    "n_samples": 590,
    "n_features": 2043,
    "n_p_ratio": 0.2887909936368086,
    "sparsity": 0.9630702605838871,
    "is_sparse_counts": false,
    "binary_feature_fraction": 0.5555555555555556,
    "feature_signal_strength": 0.06043812141014321,
    "feature_signal_p90": 0.08917683403117574,
    "task": "classification",
    "imbalance_ratio": 9.0,
    "y_skewness": 0.0,
    "y_all_positive": false
  },
  "portfolio_scores": {
    "heuristic": 0.9555555555555555,
    "default": 0.9560493827160493,
    "linear": 0.9609876543209876,
    "balanced_rbf": 0.957037037037037
  },
  "decision_cutoff_raw": 0.3749098283242981,
  "decision_cutoff_raw_source": "oof_balanced_accuracy",
  "decision_cutoff_proba": 0.09428335298828562,
  "decision_cutoff_rank": 0.8811544991511036,
  "decision_cutoff_logit": -2.262421863895373,
  "calibrator": {
    "method": "platt",
    "coef": 8.122514216520438,
    "intercept": -5.307632274372721
  },
  "ranker": {
    "knots": [
      0.18761175663087604,
      0.19003450209477227,
      0.19003450209477227,
      0.23628150785777766,
      0.2415030166028545,
      0.2445976886645773,
      0.2459939709492192,
      0.2468120234014754,
      0.24852101037875643,
      0.24854205158338274,
      0.25010524835749415,
      0.2501084097736249,
      0.2504626142438373,
      0.25075735707627655,
      0.2513147531318447,
      0.2514357313858983,
      0.2516573164939425,
      0.2517163476537197,
      0.2520257499200595,
      0.2521167692753474,
      0.2523901557500661,
      0.25309091372946624,
      0.2533022132916223,
      0.25330531172050247,
      0.25333965489742294,
      0.2538582504099636,
      0.2538680679920111,
      0.2541208219838841,
      0.25424266809273743,
      0.2543307926664091,
      0.2544044313831029,
      0.2545160746844332,
      0.2545641229356189,
      0.25460990164699265,
      0.2548160965943327,
      0.254886946789375,
      0.2550897685618134,
      0.25519631901103657,
      0.2555013149470972,
      0.2555202599902307,
      0.25582132960693094,
      0.2558719664108758,
      0.25604758103774683,
      0.2560822943299967,
      0.2560939708708657,
      0.2561402195521873,
      0.2562501676795589,
      0.256442756846893,
      0.25650920731471233,
      0.2566975242540972,
      0.25687381756470723,
      0.25702687642560434,
      0.25715619444349125,
      0.25753817579309,
      0.2575528455599233,
      0.2578023539817589,
      0.2578189230352954,
      0.25789315987074507,
      0.2579300721898522,
      0.25804094529526056,
      0.25813062443654256,
      0.2581445245882497,
      0.25815674427416235,
      0.2583483696655951,
      0.2586143816740585,
      0.2587549399221139,
      0.2588174676261211,
      0.25891557911709917,
      0.258920705034121,
      0.25892442955174394,
      0.2589639673425331,
      0.2590176696095013,
      0.25907514631391626,
      0.2594676708362775,
      0.25952205666331457,
      0.2595851642809324,
      0.2596098460613363,
      0.25967583675828965,
      0.25991797794644744,
      0.259938729368518,
      0.25999880619590415,
      0.2601002645091511,
      0.26012824020523967,
      0.26012902853705744,
      0.2601985279534608,
      0.26039462590807,
      0.26039471465928776,
      0.26046064337536606,
      0.2605294250613893,
      0.2605892650490081,
      0.26060152392909436,
      0.26060381225650514,
      0.2606713062223797,
      0.26069748315314134,
      0.2607053200001572,
      0.2608020723678332,
      0.26080367377769603,
      0.2608129207913711,
      0.2608746286386095,
      0.2608801384268668,
      0.2610993770869373,
      0.2611808476154181,
      0.2612028881003947,
      0.26134181879814117,
      0.2613948290387466,
      0.2614545956606446,
      0.26150330436057584,
      0.2616247656351658,
      0.26162700210106044,
      0.2618296265844582,
      0.2618599589295019,
      0.261926338298875,
      0.26204574155039206,
      0.26213109469672247,
      0.2626449516378559,
      0.2626791122318164,
      0.26281297991923463,
      0.2629145219666827,
      0.2630634918768126,
      0.2631601243308692,
      0.2632099926967528,
      0.26328010764223053,
      0.26354683201279355,
      0.2635913049516581,
      0.26363404891096065,
      0.2636625711708379,
      0.26371640353885806,
      0.263733841770968,
      0.2637940223627435,
      0.26399879776296165,
      0.2640109924042526,
      0.26402975295971853,
      0.264029776085541,
      0.2642310023015922,
      0.2642469583561566,
      0.2643073392149874,
      0.2644125147352897,
      0.264456938788824,
      0.26451205805240896,
      0.2645324727346438,
      0.26453826864473007,
      0.26458375676231455,
      0.2646073240629103,
      0.26461309822237034,
      0.2646672394201333,
      0.2647252786984912,
      0.26497568221612156,
      0.26506776495432727,
      0.26506781511892136,
      0.2654363345376956,
      0.2654832448423371,
      0.2655035087151505,
      0.26553516465630717,
      0.2656948669229949,
      0.2656957513283266,
      0.2657366719822806,
      0.26590914511240554,
      0.2661120577098437,
      0.2663003832424377,
      0.26637237712759165,
      0.26637237712759165,
      0.26637990439441106,
      0.2663839617885282,
      0.2663849721411724,
      0.2664268214838033,
      0.26644365245170737,
      0.26647003225918425,
      0.2664850922028187,
      0.26658302802946304,
      0.26665846107718477,
      0.2667187206743027,
      0.266727206450243,
      0.2668414660578811,
      0.2670153143586903,
      0.2670301759190792,
      0.2670479008729329,
      0.26711020028758004,
      0.2671778575801785,
      0.2671981578090076,
      0.2672161317542158,
      0.267253893535566,
      0.2672998440252124,
      0.2673568743569894,
      0.2674530342984974,
      0.267456889690087,
      0.2674965967900355,
      0.26759340477198407,
      0.2676206569672343,
      0.26770212939722443,
      0.2677171172239348,
      0.2679312299518001,
      0.2679434669991287,
      0.2679464069721346,
      0.2679863934875874,
      0.2680348568019144,
      0.2680348568019144,
      0.2680348568019144,
      0.26805059715223806,
      0.2680553458260811,
      0.26805994602287647,
      0.2680925313695319,
      0.2681878911891505,
      0.2682055742618596,
      0.26832213949189876,
      0.2683507833817659,
      0.26836213139070425,
      0.2684375861464043,
      0.26848377793942363,
      0.26858288308557376,
      0.26861004673888095,
      0.2686656797954479,
      0.26869057494892173,
      0.2687417236546926,
      0.26884849250681514,
      0.26891219745306455,
      0.2689246397968466,
      0.2689497109399982,
      0.26896731907595456,
      0.2689875600164569,
      0.26909318213482014,
      0.26920361502589435,
      0.26927831219646703,
      0.2693120201241758,
      0.2693164358430697,
      0.2693250366754621,
      0.2693836180551349,
      0.2693858306669578,
      0.26941644441039553,
      0.2694747829075864,
      0.26947608220747943,
      0.2695015698198241,
      0.26952081086893315,
      0.26956222094052285,
      0.26958034486186305,
      0.2696267917035022,
      0.26971714184674933,
      0.26975404313336837,
      0.2698915529485701,
      0.26989404344293577,
      0.26991740444848983,
      0.27000905500819933,
      0.27005859242489677,
      0.27014005622958065,
      0.2701670684145743,
      0.27018151793035095,
      0.27028070823193856,
      0.2702820908869624,
      0.2703174549912186,
      0.27033581180632194,
      0.27033977611528553,
      0.2703523122585253,
      0.2703974916882594,
