{
  "task": "classification",
  "format": "onnx",
  "preset_name": "default",
  "best_iteration": 99,
  "params": {
    "tree_method": "hist",
    "device": "cpu",
    "learning_rate": 0.3,
    "max_depth": 6,
    "min_child_weight": 1,
    "subsample": 1.0,
    "colsample_bytree": 1.0,
    "reg_alpha": 0.0,
    "reg_lambda": 1.0,
    "max_bin": 256,
    "n_estimators": 2000,
    "early_stopping_rounds": 50,
    "nthread": 64,
    "objective": "binary:logistic",
    "scale_pos_weight": 9.0,
    "eval_metric": "auc"
  },
  "profile": {
    "n_samples": 590,
    "n_features": 2043,
    "n_p_ratio": 0.2887909936368086,
    "sparsity": 0.9630702605838871,
    "is_sparse_counts": false,
    "binary_feature_fraction": 0.5555555555555556,
    "feature_signal_strength": 0.06043812141014321,
    "feature_signal_p90": 0.08917683403117574,
    "task": "classification",
    "imbalance_ratio": 9.0,
    "y_skewness": 0.0,
    "y_all_positive": false
  },
  "portfolio_scores": {
    "flaml": NaN,
    "autogluon": NaN,
    "heuristic": 0.9838763575605681,
    "default": 0.9857142857142858
  },
  "decision_cutoff_raw": 0.03446750342845917,
  "decision_cutoff_raw_source": "oof_balanced_accuracy",
  "decision_cutoff_proba": 0.024705378699537962,
  "decision_cutoff_rank": 0.8777589134125636,
  "decision_cutoff_logit": -3.6757186200024305,
  "calibrator": {
    "method": "platt",
    "coef": 5.3485516996453955,
    "intercept": -3.860069844047249
  },
  "ranker": {
    "knots": [
      1.3724113159696572e-05,
      1.662298927840311e-05,
      1.758252619765699e-05,
      1.9537805201252922e-05,
      2.580066393420566e-05,
      2.7276088076177984e-05,
      2.7946398404310457e-05,
      2.8791804652428254e-05,
      2.9739599995082244e-05,
      2.9994145734235644e-05,
      3.0822091503068805e-05,
      3.1781419238541275e-05,
      3.3526601328048855e-05,
      3.4275941288797185e-05,
      3.4398966818116605e-05,
      3.5599543480202556e-05,
      3.6091299989493564e-05,
      3.7690901081077754e-05,
      3.782809289987199e-05,
      3.7981535569997504e-05,
      3.838997145066969e-05,
      3.870448563247919e-05,
      4.003420690423809e-05,
      4.044777597300708e-05,
      4.258963235770352e-05,
      4.3545431253733113e-05,
      4.372415423858911e-05,
      4.41647571278736e-05,
      4.433908543433063e-05,
      4.5392022002488375e-05,
      4.547820572042838e-05,
      4.607424125424586e-05,
      4.62535499536898e-05,
      4.6313358325278386e-05,
      4.651288327295333e-05,
      4.6992699935799465e-05,
      4.803635965799913e-05,
      4.856647865381092e-05,
      4.930049180984497e-05,
      4.930049180984497e-05,
      4.930049180984497e-05,
      4.9308106099488214e-05,
      4.9891448725247756e-05,
      4.996949064661749e-05,
      5.0712278607534245e-05,
      5.309066909831017e-05,
      5.4132829973241314e-05,
      5.4851385357324034e-05,
      5.5375010560965165e-05,
      5.552921356866136e-05,
      5.5570690165041015e-05,
      5.57065723114647e-05,
      5.59687614440918e-05,
      5.604781108559109e-05,
      5.6105513067450374e-05,
      5.690541729563847e-05,
      5.765450987382792e-05,
      5.776452235295437e-05,
      5.832140595884994e-05,
      5.941442577750422e-05,
      6.016360202920623e-05,
      6.037729326635599e-05,
      6.0998034314252436e-05,
      6.194626621436328e-05,
      6.218164344318211e-05,
      6.231039151316509e-05,
      6.231039151316509e-05,
      6.34062962490134e-05,
      6.467794446507469e-05,
      6.520949682453647e-05,
      6.674203905276954e-05,
      6.738109368598089e-05,
      6.767383456462994e-05,
      7.009827822912484e-05,
      7.085292600095272e-05,
      7.085292600095272e-05,
      7.117581844795495e-05,
      7.118891517166048e-05,
      7.123040995793417e-05,
      7.150146848289296e-05,
      7.276469841599464e-05,
      7.280183490365744e-05,
      7.389632810372859e-05,
      7.614378409925848e-05,
      7.638210081495345e-05,
      7.743141031824052e-05,
      7.743141031824052e-05,
      7.745769835310057e-05,
      7.900473428890109e-05,
      7.990065205376595e-05,
      7.991048187250271e-05,
      7.999877561815083e-05,
      8.077129314187914e-05,
      8.109970076475292e-05,
      8.111639908747748e-05,
      8.248362428275868e-05,
      8.293311111629009e-05,
      8.303423965116963e-05,
      8.322719077114016e-05,
      8.386726403841749e-05,
      8.57584091136232e-05,
      8.599721331847832e-05,
      8.685721695655957e-05,
      8.719031029613689e-05,
      8.750491542741656e-05,
      8.864638220984489e-05,
      8.905340655473992e-05,
      9.00345912668854e-05,
      9.00345912668854e-05,
      9.069665247807279e-05,
      9.146137745119631e-05,
      9.167128155240789e-05,
      9.295223571825773e-05,
      9.337582741864026e-05,
      9.403302829014137e-05,
      9.411879000253975e-05,
      9.482596215093508e-05,
      9.510579548077658e-05,
      9.543838677927852e-05,
      9.564439096720889e-05,
      9.627696999814361e-05,
      9.70756882452406e-05,
      9.746506839292124e-05,
      9.828507609199733e-05,
      9.982440678868443e-05,
      9.999017493100837e-05,
      0.00010026143718278036,
      0.00010094543540617451,
      0.00010097094491356984,
      0.00010134231706615537,
      0.00010190466127824038,
      0.00010269149061059579,
      0.00010503399971639737,
      0.0001051044455380179,
      0.00010529754945309833,
      0.00010714543896028772,
      0.00010783022298710421,
      0.00010839371680049226,
      0.0001088237258954905,
      0.00010890968405874446,
      0.00010946274414891377,
      0.00011049479508074,
      0.00011123566218884662,
      0.00011234685371164232,
      0.00011250626994296908,
      0.00011391440057195723,
      0.00011479864042485133,
      0.00011496877414174378,
      0.00011528869072208181,
      0.0001163116394309327,
      0.00011685636854963377,
      0.00011761588393710554,
      0.00011936193914152682,
      0.00011937366798520088,
      0.00012050051736878231,
      0.00012159173638792709,
      0.0001223450235556811,
      0.000123955454910174,
      0.00012433058873284608,
      0.00012475777475629002,
      0.00012524121848400682,
      0.0001253373920917511,
      0.00012583269563037902,
      0.00012719625374302268,
      0.00012729538138955832,
      0.0001286761398660019,
      0.00012912035163026303,
      0.00013030612899456173,
      0.0001306733174715191,
      0.0001315350382355973,
      0.00013419179595075548,
      0.00013526425755117089,
      0.00013526425755117089,
      0.00013790122466161847,
      0.0001380662142764777,
      0.00013842240150552243,
      0.0001407517702318728,
      0.00014374755846802145,
      0.00014475923671852797,
      0.00014530951739288867,
      0.00014548351464327425,
      0.00014568048936780542,
      0.0001457173057133332,
      0.00014581307186745107,
      0.0001468042901251465,
      0.0001470025017624721,
      0.0001470025017624721,
      0.00014769643894396722,
      0.00014882144751027226,
      0.0001488712732680142,
      0.000149377912748605,
      0.00015077875286806375,
      0.00015077875286806375,
      0.00015098102448973805,
      0.00015117421571630985,
      0.00015322848048526794,
      0.00015436086687259376,
      0.0001549061416881159,
      0.00015519620501436293,
      0.00015608382818754762,
      0.0001573079644003883,
      0.00015757413348183036,
      0.00015915559197310358,
      0.00016236906230915338,
      0.00016246028826572,
      0.00016346361371688545,
      0.00016445024812128395,
      0.00016568595310673118,
      0.0001659468252910301,
      0.00016622254042886198,
      0.00016677645908202976,
      0.00016878274618647993,
      0.00016941333888098598,
      0.00017039022350218147,
      0.0001708970667095855,
      0.00017171900253742933,
      0.000172237356309779,
      0.00017250361270271242,
      0.0001766329223755747,
      0.00018074523541145027,
      0.00018074523541145027,
