{
  "n_components": 45,
  "n_features_in": 2048,
  "n_cal_knots": 200,
  "cal_min": 3.000145673751831,
  "cal_max": 22.865571975708008,
  "scaler": "standard"
}