{
  "n_components": 45,
  "n_features_in": 2048,
  "n_cal_knots": 200,
  "cal_min": 3.0603365898132324,
  "cal_max": 23.5501651763916,
  "scaler": "standard"
}