{
  "n_components": 45,
  "n_features_in": 2048,
  "n_cal_knots": 200,
  "cal_min": 0.8596384525299072,
  "cal_max": 25.62852668762207,
  "scaler": "standard"
}