{
    "portfolio": [
        "xgb",
        "rf",
        "svc"
    ],
    "max_batch_size": 100000,
    "max_imbalance_ratio": 100,
    "num_batches": 1,
    "population_prior": 0.048355899419729204,
    "batch_priors": [
        0.048355899419729204
    ],
    "decision_cutoff_raw": 0.14252943682931582,
    "decision_cutoff_proba": 0.03844062433497918,
    "decision_cutoff_rank": 0.8696353662471766,
    "decision_cutoff_logit": -3.21944149050887,
    "decision_cutoff_lift": 0.7949521112473695
}