{
    "portfolio": [
        "xgb",
        "rf"
    ],
    "max_batch_size": 100000,
    "max_imbalance_ratio": 100,
    "num_batches": 1,
    "population_prior": 0.20929126905966652,
    "batch_priors": [
        0.20929126905966652
    ],
    "decision_cutoff_raw": 0.1405284336209297,
    "decision_cutoff_proba": 0.22387581280337027,
    "decision_cutoff_rank": 0.7235723572357236,
    "decision_cutoff_logit": -1.243221051439409,
    "decision_cutoff_lift": 1.0696853901705086
}