{
  "mode": "slow",
  "descriptor_types": [
    "chemeleon",
    "rdkit",
    "clamp"
  ],
  "n_compounds": 361,
  "n_actives": 83,
  "ratio_actives": 0.2299168975069252,
  "population_prior": 0.2299168975069252,
  "portfolio": [
    "lr",
    "xgb",
    "rf",
    "svc"
  ],
  "num_batches": {
    "chemeleon": 1,
    "rdkit": 1,
    "clamp": 1
  },
  "decision_cutoff_raw": 0.3416394340457693,
  "decision_cutoff_proba": 0.2148719918758839,
  "decision_cutoff_rank": 0.657638888888889,
  "oof_aucs": {
    "chemeleon": 0.9024876484354685,
    "rdkit": 0.9064748201438848,
    "clamp": 0.8906128109560544
  },
  "proxy_aucs": {
    "chemeleon": 0.8693767877264453,
    "rdkit": 0.8827684840079744,
    "clamp": 0.8665597642368034
  },
  "train_aucs": {
    "chemeleon": 1.0,
    "rdkit": 1.0,
    "clamp": 0.9998699835312473
  },
  "quality_aucs": {
    "chemeleon": 0.8049752968709369,
    "rdkit": 0.8129496402877696,
    "clamp": 0.7813556383808614
  },
  "active_descriptors": {
    "chemeleon": true,
    "rdkit": true,
    "clamp": true
  },
  "ad_hard_cutoffs": {
    "chemeleon": 0.05000000074505806,
    "rdkit": 0.05000000074505806,
    "clamp": 0.05000000074505806
  },
  "rank_error_curves": {
    "chemeleon": [
      [
        0.009673601392958048,
        0.05490767395226215,
        0.09416167770146755,
        0.12576596094311013,
        0.15275494573843146,
        0.1948230874531393,
        0.21058999390858946,
        0.25059077351758097,
        0.29061035349849657,
        0.3269859194221923,
        0.36168036904394896,
        0.4292750252593893,
        0.48590212096958113,
        0.5463279276018641,
        0.6250834427003733,
        0.8711271484175882,
        0.9296613207910691,
        0.9414136415385577,
        0.9630597232598332,
        0.9999043395929278
      ],
      [
        0.07102171557950138,
        0.07406405350160622,
        0.07690934519103014,
        0.07967290347846183,
        0.08231311251318958,
        0.0848834367119304,
        0.08720840112552916,
        0.08995186841739303,
        0.09435311472912124,
        0.09679520321647363,
        0.10015190051190884,
        0.1132415765403795,
        0.12242093960080357,
        0.14200585554571113,
        0.19034748123687364,
        0.3944935886977074,
        0.30258188381412776,
        0.27283255841438314,
        0.23298831550772753,
        0.20251088130086708
      ]
    ],
    "rdkit": [
      [
        0.048480663472737814,
        0.09785436527264751,
        0.1416436826018063,
        0.18224309184753265,
        0.2098413220369706,
        0.24148523008414155,
        0.26086695225732265,
        0.2834168269744688,
        0.31585356060966263,
        0.33363641725467186,
        0.358541089000627,
        0.39446581153264193,
        0.4311994759599391,
        0.5052612709150928,
        0.5376267383411945,
        0.7374595280227381,
        0.7637890235016699,
        0.7765489774522719,
        0.786657668752242,
        0.8048424671986683
      ],
      [
        0.08627743151695864,
        0.08747302117043551,
        0.09340865051141997,
        0.11803542296205241,
        0.12100131106508426,
        0.1338461190185881,
        0.13138329795801726,
        0.134105315131257,
        0.13778588432140715,
        0.13426549215711256,
        0.13805380282136764,
        0.14201968892589958,
        0.14342932439679257,
        0.15705397045727643,
        0.1706975365329101,
        0.417536689673064,
        0.4096617870624322,
        0.3922515786408995,
        0.37538119639643824,
        0.36272846708822226
      ]
    ],
    "clamp": [
      [
        0.009126292776217477,
        0.058266707707121626,
        0.09713212740485898,
        0.12726681068007759,
        0.1546360766699124,
        0.17211029727364438,
        0.1957136060494929,
        0.21843933522907394,
        0.2464514013778849,
        0.2806341614155927,
        0.33037002653713826,
        0.3765971729689532,
        0.4637124382085067,
        0.5616681514620907,
        0.6950708092751845,
        0.8055208710459529,
        0.910543626819832,
        0.940586908909977,
        0.9660852887093776,
        0.993556557633823
      ],
      [
        0.07865166019051975,
        0.08078846764970382,
        0.08398480685164522,
        0.08578832141461046,
        0.08853282347114189,
        0.09031883222975094,
        0.09229610261275571,
        0.0948343056031901,
        0.09611368283217966,
        0.10023424543155725,
        0.10520031326943387,
        0.11374562006987521,
        0.12588431394093752,
        0.18369607412965894,
        0.3389480196185154,
        0.44201449983114216,
        0.34929500008618114,
        0.29918616669552106,
        0.26034082869013236,
        0.24564207177355124
      ]
    ]
  },
  "decision_cutoff_logit": -1.295804307971486,
  "decision_cutoff_lift": 0.9345637237011336
}