{
  "n_components": 27,
  "n_features_in": 768,
  "n_cal_knots": 200,
  "cal_min": 2.980771780014038,
  "cal_max": 10.75490951538086,
  "scaler": "standard"
}