{
  "n_components": 45,
  "n_features_in": 2048,
  "n_cal_knots": 200,
  "cal_min": 1.6900811195373535,
  "cal_max": 108.00686645507812,
  "scaler": "standard"
}