{
    "portfolio": [
        "lr",
        "xgb",
        "rf",
        "svc"
    ],
    "max_batch_size": 100000,
    "max_imbalance_ratio": 100,
    "num_batches": 1,
    "population_prior": 0.26684397163120566,
    "batch_priors": [
        0.26684397163120566
    ],
    "decision_cutoff_raw": 0.3660782578205055,
    "decision_cutoff_proba": 0.2178002870889781,
    "decision_cutoff_rank": 0.6044809228039041,
    "decision_cutoff_logit": -1.2785315666645558,
    "decision_cutoff_lift": 0.8162083848384296
}