{
  "mode": "slow",
  "descriptor_types": [
    "chemeleon",
    "clamp"
  ],
  "n_compounds": 2300,
  "n_actives": 230,
  "ratio_actives": 0.1,
  "population_prior": 0.1,
  "portfolio": [
    "lr",
    "xgb",
    "rf",
    "svc"
  ],
  "num_batches": {
    "chemeleon": 1,
    "clamp": 1
  },
  "decision_cutoff_raw": 0.146491887722557,
  "decision_cutoff_proba": 0.039910448669499034,
  "decision_cutoff_rank": 0.8760149340292882,
  "oof_aucs": {
    "chemeleon": 0.9979227053140096,
    "clamp": 0.996519638731359
  },
  "proxy_aucs": {
    "chemeleon": 0.9948403696702374,
    "clamp": 0.9941608905692081
  },
  "train_aucs": {
    "chemeleon": 1.0,
    "clamp": 1.0
  },
  "quality_aucs": {
    "chemeleon": 0.9958454106280192,
    "clamp": 0.9930392774627179
  },
  "active_descriptors": {
    "chemeleon": true,
    "clamp": true
  },
  "ad_hard_cutoffs": {
    "chemeleon": 0.05000000074505806,
    "clamp": 0.05000000074505806
  },
  "rank_error_curves": {
    "chemeleon": [
      [
        0.18814877626942117,
        0.3121140425004409,
        0.3543890304189155,
        0.38516156432568005,
        0.4163445007611637,
        0.43919762938521617,
        0.4629209008885556,
        0.4881556515117541,
        0.5091339001781588,
        0.5279292409939449,
        0.5501743497477759,
        0.5758101435354973,
        0.6015158740433104,
        0.6254637327758739,
        0.6549763278015848,
        0.6899828594712231,
        0.7634123076288202,
        0.8849301331575108,
        0.9708896096933045,
        0.9998416152352323
      ],
      [
        0.0066488412505232315,
        0.006671381606582109,
        0.006694815429841228,
        0.006731218327346954,
        0.0067481444110245176,
        0.0067764408436019035,
        0.0068391343608131755,
        0.006932996345868286,
        0.006935295746474699,
        0.006955268238720541,
        0.007177556471935724,
        0.0072491622038776465,
        0.007419579478389609,
        0.00787681968071781,
        0.008121948504500631,
        0.008797789692248972,
        0.009718667734176813,
        0.13275598861363155,
        0.09864689348470994,
        0.08071545270246863
      ]
    ],
    "clamp": [
      [
        0.252844680339297,
        0.289401446094839,
        0.31736053427926697,
        0.34596670655064593,
        0.3694925849881238,
        0.39407715175060787,
        0.4176025328536487,
        0.44214531288910486,
        0.46816780688270154,
        0.49103982363254467,
        0.5155391428894454,
        0.5394276866164704,
        0.56892980238851,
        0.6055264671051136,
        0.6446462967354974,
        0.6989244253884745,
        0.7617011284727859,
        0.8763647655676501,
        0.9626653089006583,
        0.9996691374012845
      ],
      [
        0.0064696126585071624,
        0.006475869761543271,
        0.006485278268143849,
        0.00649201695985598,
        0.006501597257056143,
        0.006521316502912131,
        0.006552554912279168,
        0.006569203996534288,
        0.0066312973625458965,
        0.006758556933194339,
        0.007017919608842908,
        0.007699194350475904,
        0.007758602954629142,
        0.008415950455896229,
        0.008124061250093132,
        0.008993147339862787,
        0.011731620214485563,
        0.11684007632587702,
        0.13585921758299258,
        0.08974096164564088
      ]
    ]
  },
  "decision_cutoff_logit": -3.1803884017177664,
  "decision_cutoff_lift": 0.3991044866949903
}