{
  "n_components": 27,
  "n_features_in": 768,
  "n_cal_knots": 200,
  "cal_min": 2.9255480766296387,
  "cal_max": 10.338119506835938,
  "scaler": "standard"
}