{
  "n_components": 45,
  "n_features_in": 2048,
  "n_cal_knots": 200,
  "cal_min": 2.1600348949432373,
  "cal_max": 22.789365768432617,
  "scaler": "standard"
}