{
  "n_components": 45,
  "n_features_in": 2048,
  "n_cal_knots": 200,
  "cal_min": 2.739396810531616,
  "cal_max": 170.3053741455078,
  "scaler": "standard"
}