{
    "portfolio": [
        "lr",
        "xgb",
        "rf",
        "svc"
    ],
    "max_batch_size": 100000,
    "max_imbalance_ratio": 100,
    "num_batches": 1,
    "population_prior": 0.1,
    "batch_priors": [
        0.1
    ],
    "decision_cutoff_raw": 0.2891853555149974,
    "decision_cutoff_proba": 0.10945818332914459,
    "decision_cutoff_rank": 0.8862894450489662,
    "decision_cutoff_logit": -2.096287471355449,
    "decision_cutoff_lift": 1.0945818332914459
}