{
  "n_components": 45,
  "n_features_in": 2048,
  "n_cal_knots": 200,
  "cal_min": 2.10041880607605,
  "cal_max": 19.576908111572266,
  "scaler": "standard"
}