{
    "portfolio": [
        "lr",
        "xgb",
        "rf",
        "svc"
    ],
    "max_batch_size": 100000,
    "max_imbalance_ratio": 100,
    "num_batches": 1,
    "population_prior": 0.1,
    "batch_priors": [
        0.1
    ],
    "decision_cutoff_raw": 0.29077099861992295,
    "decision_cutoff_proba": 0.13662979807030962,
    "decision_cutoff_rank": 0.8804920913884006,
    "decision_cutoff_logit": -1.8435685056330426,
    "decision_cutoff_lift": 1.3662979807030962
}