{
  "mode": "slow",
  "descriptor_types": [
    "chemeleon",
    "rdkit"
  ],
  "n_compounds": 1010,
  "n_actives": 101,
  "ratio_actives": 0.1,
  "population_prior": 0.1,
  "portfolio": [
    "lr",
    "xgb",
    "rf",
    "svc"
  ],
  "num_batches": {
    "chemeleon": 1,
    "rdkit": 1
  },
  "decision_cutoff_raw": 0.3965127444725336,
  "decision_cutoff_proba": 0.15591423218117095,
  "decision_cutoff_rank": 0.8898662041625371,
  "oof_aucs": {
    "chemeleon": 0.9983661732509885,
    "rdkit": 0.9995969894019104
  },
  "proxy_aucs": {
    "chemeleon": 0.9997168033635047,
    "rdkit": 0.9997276955418315
  },
  "train_aucs": {
    "chemeleon": 1.0,
    "rdkit": 1.0
  },
  "quality_aucs": {
    "chemeleon": 0.9967323465019771,
    "rdkit": 0.9991939788038209
  },
  "active_descriptors": {
    "chemeleon": true,
    "rdkit": true
  },
  "ad_hard_cutoffs": {
    "chemeleon": 0.052250005304813385,
    "rdkit": 0.052250005304813385
  },
  "rank_error_curves": {
    "chemeleon": [
      [
        0.22832322367137536,
        0.2494024343596547,
        0.26941471424562546,
        0.28931372718440646,
        0.31417650212740106,
        0.32381835299290485,
        0.32704817155405413,
        0.34066312272006094,
        0.358087715663574,
        0.37286488447987004,
        0.39962872153928786,
        0.4151990769325577,
        0.4289634360128678,
        0.4505250204095299,
        0.48312030757292423,
        0.5141820013967557,
        0.5685367994965146,
        0.7515927025822864,
        0.9872379106807649,
        1.0
      ],
      [
        0.008745527770657778,
        0.00910879876948472,
        0.009427302269434671,
        0.009830785054804564,
        0.01017115038686957,
        0.010583802116217319,
        0.010114529178086723,
        0.01020283159782579,
        0.01033259608619752,
        0.010208334963638481,
        0.010239664427629637,
        0.010434982055697812,
        0.013243242996679243,
        0.010583195347218294,
        0.010277917866076153,
        0.013378200791825013,
        0.016161944945265672,
        0.12301740770217982,
        0.1676556669031813,
        0.16655044647522285
      ]
    ],
    "rdkit": [
      [
        0.23758907080149658,
        0.3099032171167006,
        0.3423432605055537,
        0.3654316755575292,
        0.3884539728813245,
        0.410647606130925,
        0.42799603424392196,
        0.44682719565694445,
        0.4650366563671992,
        0.4822968557707813,
        0.506029826664169,
        0.5277671479636834,
        0.5493567745164003,
        0.5774803216208002,
        0.6093424323467262,
        0.6526671812262281,
        0.7419239655555696,
        0.8885249550084675,
        0.9741504195083198,
        0.9918001964447326
      ],
      [
        0.009025938357271886,
        0.01026001490934037,
        0.011121561385222068,
        0.011808058434417575,
        0.013335899910769316,
        0.01384927895692834,
        0.014697575790864028,
        0.01531721705188525,
        0.01731696917388942,
        0.018592577007454657,
        0.02111016474321776,
        0.02371264676844594,
        0.022711193606881654,
        0.02083432449125642,
        0.02105319439126956,
        0.025023561294366614,
        0.03435353696689946,
        0.13719120872885143,
        0.15575140736305787,
        0.1348502944541674
      ]
    ]
  },
  "decision_cutoff_logit": -1.6889480477242393,
  "decision_cutoff_lift": 1.5591423218117095
}