{
  "n_components": 27,
  "n_features_in": 768,
  "n_cal_knots": 200,
  "cal_min": 3.110105276107788,
  "cal_max": 9.980093955993652,
  "scaler": "standard"
}