{
  "mode": "slow",
  "descriptor_types": [
    "chemeleon"
  ],
  "n_compounds": 1100,
  "n_actives": 110,
  "ratio_actives": 0.1,
  "population_prior": 0.1,
  "portfolio": [
    "lr",
    "xgb",
    "rf",
    "svc"
  ],
  "num_batches": {
    "chemeleon": 1
  },
  "decision_cutoff_raw": 0.1336366782554026,
  "decision_cutoff_proba": 0.06711144991006443,
  "decision_cutoff_rank": 0.8109645131938126,
  "oof_aucs": {
    "chemeleon": 0.9591551882460974
  },
  "proxy_aucs": {
    "chemeleon": 0.9198806244260789
  },
  "train_aucs": {
    "chemeleon": 1.0
  },
  "quality_aucs": {
    "chemeleon": 0.9183103764921947
  },
  "active_descriptors": {
    "chemeleon": true
  },
  "ad_hard_cutoffs": {
    "chemeleon": 0.05000000074505806
  },
  "rank_error_curves": {
    "chemeleon": [
      [
        0.035654037319362245,
        0.1362163674552844,
        0.1744565374293094,
        0.2053719403801627,
        0.2395399610660425,
        0.26270093473345135,
        0.2933204758797163,
        0.32693258537859526,
        0.36233315612648087,
        0.3963298010502328,
        0.4321100932451717,
        0.46894169836616173,
        0.49961345309915567,
        0.539957424376022,
        0.592154367576719,
        0.6574087465104189,
        0.7505184570637643,
        0.8832504575573077,
        0.9698571291091544,
        0.9995248741305827
      ],
      [
        0.028601218535409208,
        0.028935189107059715,
        0.029343910918193793,
        0.029617220454948284,
        0.030069332227252075,
        0.030422718811301597,
        0.030709760675026666,
        0.031026833783315794,
        0.03237939300332521,
        0.0328416509892764,
        0.03309097165814314,
        0.03454473998119457,
        0.03491339646399784,
        0.03661050711810082,
        0.0387073662185731,
        0.04855712110127556,
        0.06416279106820606,
        0.28972793239193184,
        0.28170387286289134,
        0.23084400955721174
      ]
    ]
  },
  "decision_cutoff_logit": -2.6319310715177933,
  "decision_cutoff_lift": 0.6711144991006442
}