{
  "n_components": 27,
  "n_features_in": 768,
  "n_cal_knots": 200,
  "cal_min": 2.6755640506744385,
  "cal_max": 12.643647193908691,
  "scaler": "standard"
}