{
    "portfolio": [
        "lr",
        "xgb",
        "rf",
        "svc"
    ],
    "max_batch_size": 100000,
    "max_imbalance_ratio": 100,
    "num_batches": 1,
    "population_prior": 0.1,
    "batch_priors": [
        0.1
    ],
    "decision_cutoff_raw": 0.0603029004890007,
    "decision_cutoff_proba": 0.05079451033071593,
    "decision_cutoff_rank": 0.7813347393793311,
    "decision_cutoff_logit": -2.9278370236253433,
    "decision_cutoff_lift": 0.5079451033071593
}