{
  "n_components": 14,
  "n_features_in": 217,
  "n_cal_knots": 200,
  "cal_min": 1.3733679056167603,
  "cal_max": 22.3633975982666,
  "scaler": "standard"
}