{
  "mode": "slow",
  "descriptor_types": [
    "chemeleon",
    "clamp",
    "rdkit"
  ],
  "n_compounds": 660,
  "n_actives": 66,
  "ratio_actives": 0.1,
  "population_prior": 0.1,
  "portfolio": [
    "lr",
    "xgb",
    "rf",
    "svc"
  ],
  "num_batches": {
    "chemeleon": 1,
    "clamp": 1,
    "rdkit": 1
  },
  "decision_cutoff_raw": 0.2664838587565108,
  "decision_cutoff_proba": 0.09419032142144819,
  "decision_cutoff_rank": 0.8170628899005227,
  "oof_aucs": {
    "chemeleon": 0.9805377002346698,
    "clamp": 0.980257116620753,
    "rdkit": 0.9620701969186818
  },
  "proxy_aucs": {
    "chemeleon": 0.9764564840322417,
    "clamp": 0.9872461993674115,
    "rdkit": 0.9771069278645036
  },
  "train_aucs": {
    "chemeleon": 1.0,
    "clamp": 1.0,
    "rdkit": 1.0
  },
  "quality_aucs": {
    "chemeleon": 0.9610754004693396,
    "clamp": 0.960514233241506,
    "rdkit": 0.9241403938373636
  },
  "active_descriptors": {
    "chemeleon": true,
    "clamp": true,
    "rdkit": true
  },
  "ad_hard_cutoffs": {
    "chemeleon": 0.05000000074505806,
    "clamp": 0.05000000074505806,
    "rdkit": 0.05000000074505806
  },
  "rank_error_curves": {
    "chemeleon": [
      [
        0.10920148859139192,
        0.1799709390125476,
        0.21431157899225692,
        0.24390045935075266,
        0.26300517638373394,
        0.28381871169053374,
        0.3041027532236347,
        0.3274814494681333,
        0.34744611772944,
        0.3657834405589445,
        0.39736907885678563,
        0.4223891085885976,
        0.4428506687607652,
        0.48495760047596437,
        0.5401273418058211,
        0.6028279107256558,
        0.7341412459405943,
        0.8890057141751997,
        0.9738601591708154,
        0.9946191007895897
      ],
      [
        0.02279883645413197,
        0.023589923416509836,
        0.023810017108803483,
        0.02420451452189126,
        0.024259878403252774,
        0.025066934791462762,
        0.025439663867167554,
        0.026732052896579414,
        0.02616407404814845,
        0.027395101833344,
        0.02714982738111153,
        0.02805299708617278,
        0.028916055321754487,
        0.029061775677847655,
        0.031634145374207265,
        0.032147500293448705,
        0.04792160042732191,
        0.21914009812599644,
        0.21934772075338085,
        0.20148034964974298
      ]
    ],
    "clamp": [
      [
        0.07054366654856509,
        0.09868086522602233,
        0.13461347064619786,
        0.16758470049204371,
        0.19971741371473958,
        0.2381790870834567,
        0.2756517002542653,
        0.3171145994540425,
        0.354250093210542,
        0.3824815234820378,
        0.4228850042767282,
        0.4523394270645966,
        0.49723116450631805,
        0.5461862555889827,
        0.6019981463670403,
        0.6580787413942627,
        0.7347177003576276,
        0.9022485125949171,
        0.971207682679629,
        0.9992885922006967
      ],
      [
        0.02017716995677833,
        0.020579556309562652,
        0.020881316417203755,
        0.021274270987230733,
        0.021617317221201287,
        0.02193618491684938,
        0.022497304715988962,
        0.02291846790050295,
        0.023083392435721616,
        0.023233687458360953,
        0.023625211129079973,
        0.023980788201270618,
        0.024594715768307483,
        0.025127152568935537,
        0.026458352716498053,
        0.027136975571292365,
        0.04323343427136345,
        0.2532855043709479,
        0.23028517168206272,
        0.19875101580542245
      ]
    ],
    "rdkit": [
      [
        0.18200314844928642,
        0.31853708457406615,
        0.37305803956945094,
        0.3889280482766431,
        0.3960586906376511,
        0.40926787226186334,
        0.4289971028128433,
        0.44716579009077384,
        0.4603122293289003,
        0.48577004357912246,
        0.508136809332634,
        0.5300045021352995,
        0.5571964000929501,
        0.5760047183874264,
        0.6102834544533741,
        0.654490297706124,
        0.7242282789292334,
        0.8219978922535507,
        0.8785687361655927,
        0.937813515912024
      ],
      [
        0.03560464004538052,
        0.03995273219844202,
        0.048324943250444286,
        0.04877309643504138,
        0.05019553118333844,
        0.049836664858340776,
        0.04862399500382208,
        0.05107255356235225,
        0.05038754438852443,
        0.050823082479434345,
        0.05121348180973669,
        0.051250450880973464,
        0.05090515073771007,
        0.050963256466061695,
        0.05159485892600192,
        0.06526314492312686,
        0.05386835394842672,
        0.22419715649733998,
        0.3894247736633546,
        0.39298786882312603
      ]
    ]
  },
  "decision_cutoff_logit": -2.2635117848731103,
  "decision_cutoff_lift": 0.9419032142144819
}