{
  "mode": "slow",
  "descriptor_types": [
    "chemeleon",
    "rdkit"
  ],
  "n_compounds": 560,
  "n_actives": 56,
  "ratio_actives": 0.1,
  "population_prior": 0.1,
  "portfolio": [
    "lr",
    "xgb",
    "rf",
    "svc"
  ],
  "num_batches": {
    "chemeleon": 1,
    "rdkit": 1
  },
  "decision_cutoff_raw": 0.27435588271764944,
  "decision_cutoff_proba": 0.0751658435449351,
  "decision_cutoff_rank": 0.7607670899401906,
  "oof_aucs": {
    "chemeleon": 0.9910359977324262,
    "rdkit": 0.9936224489795918
  },
  "proxy_aucs": {
    "chemeleon": 0.9863945578231292,
    "rdkit": 0.9880775226757369
  },
  "train_aucs": {
    "chemeleon": 1.0,
    "rdkit": 1.0
  },
  "quality_aucs": {
    "chemeleon": 0.9820719954648525,
    "rdkit": 0.9872448979591837
  },
  "active_descriptors": {
    "chemeleon": true,
    "rdkit": true
  },
  "ad_hard_cutoffs": {
    "chemeleon": 0.05000000074505806,
    "rdkit": 0.05000000074505806
  },
  "rank_error_curves": {
    "chemeleon": [
      [
        0.2488055992251523,
        0.28391916225468095,
        0.30253328364318743,
        0.3168021396423043,
        0.3318231526443661,
        0.35361199157249545,
        0.37464288823362335,
        0.39432985630013717,
        0.4128291389512601,
        0.43740246683925194,
        0.4588659981556673,
        0.4856433201339605,
        0.5144094052658392,
        0.5561823795887649,
        0.6100332079251125,
        0.6625559469748881,
        0.7688663187857676,
        0.8920966883070209,
        0.9658334479950341,
        0.9906021008896173
      ],
      [
        0.023708308817594614,
        0.024003206646160978,
        0.024153506405051012,
        0.024355341807827478,
        0.02440807494346778,
        0.02468203601576712,
        0.024772781309497484,
        0.024909598527091657,
        0.025003706061604188,
        0.02519322933999556,
        0.02526414715338404,
        0.025438405587174473,
        0.02544185568763557,
        0.025549875623870042,
        0.025739141769203867,
        0.02598350642612933,
        0.06259846170390276,
        0.29417265223087186,
        0.27460780113796485,
        0.2425468719049745
      ]
    ],
    "rdkit": [
      [
        0.2652733903480239,
        0.313756871102396,
        0.3241231792153267,
        0.34021392950938695,
        0.3461069069391175,
        0.356887954699126,
        0.3666979908039601,
        0.3828866424751527,
        0.4003037920724612,
        0.4200336428324996,
        0.4414086202954637,
        0.47174788096806336,
        0.49658837054181587,
        0.5259476205084936,
        0.5519469764606295,
        0.5662891527882135,
        0.6200638130587919,
        0.6456033789288378,
        0.7186888431970665,
        0.737827527316592
      ],
      [
        0.02639250859610825,
        0.03843114033184387,
        0.04272035597142137,
        0.046584800821121965,
        0.04802522395638436,
        0.047450040294756635,
        0.042813605421587325,
        0.0465594333293044,
        0.045095115873320366,
        0.04370527852887883,
        0.042789084542724024,
        0.045581706807474635,
        0.04355457944624798,
        0.04769182433359685,
        0.04950205662041735,
        0.049643137960020844,
        0.05236330398552669,
        0.21659427979769558,
        0.3954954399365843,
        0.38491220595813413
      ]
    ]
  },
  "decision_cutoff_logit": -2.509917511526187,
  "decision_cutoff_lift": 0.7516584354493508
}