{
  "mode": "slow",
  "descriptor_types": [
    "chemeleon",
    "clamp"
  ],
  "n_compounds": 29447,
  "n_actives": 6163,
  "ratio_actives": 0.20929126905966652,
  "population_prior": 0.20929126905966652,
  "portfolio": [
    "xgb",
    "rf"
  ],
  "num_batches": {
    "chemeleon": 1,
    "clamp": 1
  },
  "decision_cutoff_raw": 0.13698397860775371,
  "decision_cutoff_proba": 0.2222637799784421,
  "decision_cutoff_rank": 0.7247537472200019,
  "oof_aucs": {
    "chemeleon": 0.9462120063979131,
    "clamp": 0.9383509118637323
  },
  "proxy_aucs": {
    "chemeleon": 0.8009951958508618,
    "clamp": 0.7923904809230696
  },
  "train_aucs": {
    "chemeleon": 1.0,
    "clamp": 0.9999772228841379
  },
  "quality_aucs": {
    "chemeleon": 0.8924240127958263,
    "clamp": 0.8767246008433267
  },
  "active_descriptors": {
    "chemeleon": true,
    "clamp": true
  },
  "ad_hard_cutoffs": {
    "chemeleon": 0.05000000074505806,
    "clamp": 0.05000000074505806
  },
  "rank_error_curves": {
    "chemeleon": [
      [
        0.020676779426072853,
        0.08218827659569732,
        0.12085105703121911,
        0.15207979025891488,
        0.1820600567519685,
        0.21038916096023524,
        0.2383216892798791,
        0.26475941141959836,
        0.2932271845679908,
        0.32399596872000347,
        0.35884409913270815,
        0.40309587275778946,
        0.4604801118494488,
        0.5406609661785978,
        0.6416906336861401,
        0.7689134528374427,
        0.9241969231376093,
        0.9494383558402402,
        0.9699221201960064,
        0.9998886168476706
      ],
      [
        0.006630177527678524,
        0.007702407990566942,
        0.008792661863823657,
        0.009967416864368174,
        0.011369829667722311,
        0.012620799588798136,
        0.014069715884354352,
        0.016254270084767444,
        0.01872365686218354,
        0.020828280287719297,
        0.024339212277982383,
        0.02818503853999288,
        0.036548030458434994,
        0.05299380343067303,
        0.09742726249194204,
        0.2013398554608969,
        0.10908075479589305,
        0.07009821782306595,
        0.04592194875870002,
        0.024364546190662372
      ]
    ],
    "clamp": [
      [
        0.012653596584794684,
        0.0707211747439015,
        0.10291459341062356,
        0.13329513821718467,
        0.15916727630030886,
        0.18637660039256979,
        0.2136864587373182,
        0.2407690924080459,
        0.2677263574724863,
        0.29666749984411417,
        0.32817726079775833,
        0.36909082986669645,
        0.42717091183508293,
        0.5120072123327417,
        0.6287428953068255,
        0.8519831056042597,
        0.9311527934409732,
        0.9531416693578594,
        0.9732843331310925,
        0.9999498212418267
      ],
      [
        0.005336985410436561,
        0.006800944969972306,
        0.009117891234816454,
        0.010395211340082366,
        0.01173570296950689,
        0.013698640295630777,
        0.015124592242711031,
        0.01776252760970456,
        0.020370952337276083,
        0.02311906344855227,
        0.026931229776087265,
        0.030556188820211824,
        0.035888621681573245,
        0.048240615730895706,
        0.08669015900568194,
        0.2323001668729091,
        0.12648433157068042,
        0.08324077759952056,
        0.05578766074569913,
        0.03598059204297752
      ]
    ]
  },
  "decision_cutoff_logit": -1.2525225432481883,
  "decision_cutoff_lift": 1.0619830486816784
}