{
  "n_components": 45,
  "n_features_in": 2048,
  "n_cal_knots": 200,
  "cal_min": 2.886371612548828,
  "cal_max": 32.140113830566406,
  "scaler": "standard"
}