{
    "portfolio": [
        "xgb",
        "rf"
    ],
    "max_batch_size": 100000,
    "max_imbalance_ratio": 100,
    "num_batches": 1,
    "population_prior": 0.19773906597479615,
    "batch_priors": [
        0.19773906597479615
    ],
    "decision_cutoff_raw": 0.16598148879734595,
    "decision_cutoff_proba": 0.23493100944081335,
    "decision_cutoff_rank": 0.701112140871177,
    "decision_cutoff_logit": -1.1806741193032884,
    "decision_cutoff_lift": 1.188085967143982
}