{
  "mode": "slow",
  "descriptor_types": [
    "chemeleon",
    "clamp",
    "morgan"
  ],
  "n_compounds": 570,
  "n_actives": 57,
  "ratio_actives": 0.1,
  "population_prior": 0.1,
  "portfolio": [
    "lr",
    "xgb",
    "rf",
    "svc"
  ],
  "num_batches": {
    "chemeleon": 1,
    "clamp": 1,
    "morgan": 1
  },
  "decision_cutoff_raw": 0.21788770625770326,
  "decision_cutoff_proba": 0.09265142565348476,
  "decision_cutoff_rank": 0.8837141183362623,
  "oof_aucs": {
    "chemeleon": 0.9976402995793578,
    "clamp": 0.9813617865326083,
    "morgan": 0.9958961731814917
  },
  "proxy_aucs": {
    "chemeleon": 0.9925789131698642,
    "clamp": 0.965391060497247,
    "morgan": 0.950685681064259
  },
  "train_aucs": {
    "chemeleon": 1.0,
    "clamp": 1.0,
    "morgan": 1.0
  },
  "quality_aucs": {
    "chemeleon": 0.9952805991587157,
    "clamp": 0.9627235730652166,
    "morgan": 0.9917923463629834
  },
  "active_descriptors": {
    "chemeleon": true,
    "clamp": true,
    "morgan": true
  },
  "ad_hard_cutoffs": {
    "chemeleon": 0.052250005304813385,
    "clamp": 0.052250005304813385,
    "morgan": 0.052250005304813385
  },
  "rank_error_curves": {
    "chemeleon": [
      [
        0.1927246569222671,
        0.269444259823894,
        0.29893477997432527,
        0.31730841024549616,
        0.33846681944241325,
        0.3603510702527233,
        0.3797643605906966,
        0.4002994915873252,
        0.42709507314149464,
        0.4565158696221474,
        0.4811741831841658,
        0.5102453884955599,
        0.5359357723392243,
        0.5692611694690175,
        0.5984547307761556,
        0.6336393524784406,
        0.7047331508729819,
        0.840315274044383,
        0.9686746185008979,
        0.9872683983505198
      ],
      [
        0.022919375304039886,
        0.02379532077361982,
        0.024461752207291052,
        0.02498717684129029,
        0.025238226516202868,
        0.025868654901739726,
        0.027042156153197907,
        0.026838755947826833,
        0.02700034068284068,
        0.027540452991559546,
        0.028107738304931577,
        0.028484836263166988,
        0.028723866825881763,
        0.029348122558047977,
        0.030060672954161483,
        0.03191702603194552,
        0.033364683113736436,
        0.11732486414014259,
        0.1700667162705164,
        0.15500736320608682
      ]
    ],
    "clamp": [
      [
        0.024430551226512047,
        0.07545928869245358,
        0.10788892004056394,
        0.14584059279180128,
        0.18376026771414594,
        0.21833475004572525,
        0.2587005732273697,
        0.2915806785422692,
        0.3246868168369961,
        0.3512439925074166,
        0.38367114256464485,
        0.4225597958831337,
        0.460055905745933,
        0.4958809656525078,
        0.5383703240055722,
        0.5861349783168274,
        0.6491895778412742,
        0.8019317136702835,
        0.9762693957129117,
        0.9999514605099115
      ],
      [
        0.024219910849421815,
        0.02514019247675727,
        0.025820590979036304,
        0.02640337739671377,
        0.02736805280273616,
        0.02825033002756393,
        0.02790424040267954,
        0.029097340539011227,
        0.029344732941017436,
        0.02960841320773586,
        0.029997252357253566,
        0.030140664819924053,
        0.030537784440166228,
        0.03156014226583265,
        0.03158650050539627,
        0.032213713688185236,
        0.03377467408996535,
        0.11202532140035727,
        0.18257318162380892,
        0.16488073512919052
      ]
    ],
    "morgan": [
      [
        0.06663083095468011,
        0.15639421825745148,
        0.18441185868094523,
        0.22056695471473142,
        0.24782076269165193,
        0.2707248721236967,
        0.2960652688136001,
        0.32373849482671274,
        0.3511112700901693,
        0.3748102649100739,
        0.39556431455223046,
        0.4140666916598454,
        0.43593255629837147,
        0.4690672306602154,
        0.5003273190318039,
        0.531891121704514,
        0.5809137843545902,
        0.746385063752478,
        0.9711064861075028,
        0.9982192011576894
      ],
      [
        0.026228914362919704,
        0.02657529715127014,
        0.02699816823701694,
        0.027551098316866984,
        0.027683237238278292,
        0.02797807797956526,
        0.028173609840444487,
        0.028181577856767198,
        0.028561193250613275,
        0.028263995948416654,
        0.028658309048997303,
        0.02875915821639155,
        0.028786833474023416,
        0.028996015564842298,
        0.029271546119556586,
        0.02982065038289491,
        0.030491889546221475,
        0.11308089999480445,
        0.19446774802274172,
        0.18574556153367527
      ]
    ]
  },
  "decision_cutoff_logit": -2.2816823518617073,
  "decision_cutoff_lift": 0.9265142565348475
}