{
    "portfolio": [
        "lr",
        "xgb",
        "rf",
        "svc"
    ],
    "max_batch_size": 100000,
    "max_imbalance_ratio": 100,
    "num_batches": 1,
    "population_prior": 0.1,
    "batch_priors": [
        0.1
    ],
    "decision_cutoff_raw": 0.42478612846992747,
    "decision_cutoff_proba": 0.1582535232971481,
    "decision_cutoff_rank": 0.9134125636672326,
    "decision_cutoff_logit": -1.6712805474537837,
    "decision_cutoff_lift": 1.5825352329714808
}