{
  "n_components": 45,
  "n_features_in": 2048,
  "n_cal_knots": 200,
  "cal_min": 3.139444351196289,
  "cal_max": 32.249149322509766,
  "scaler": "standard"
}