{
  "task": "classification",
  "format": "onnx",
  "preset_name": "default",
  "use_linear": false,
  "n_features_in": 768,
  "classes": [
    0,
    1
  ],
  "params": {
    "C": 1.0,
    "kernel": "rbf",
    "gamma": "scale",
    "class_weight": "balanced",
    "max_iter": 2850,
    "tol": 0.001,
    "random_state": 42,
    "use_linear": false
  },
  "profile": {
    "n_samples": 570,
    "n_features": 768,
    "n_p_ratio": 0.7421875,
    "sparsity": 0.0,
    "is_sparse_counts": false,
    "binary_feature_fraction": 0.0,
    "feature_signal_strength": 0.13760529937246138,
    "feature_signal_p90": 0.2811341672995441,
    "task": "classification",
    "imbalance_ratio": 9.0,
    "y_skewness": 0.0,
    "y_all_positive": false
  },
  "portfolio_scores": {
    "heuristic": 1.0,
    "default": 1.0,
    "linear": 0.9950617283950617,
    "balanced_rbf": 1.0
  },
  "decision_cutoff_raw": 0.3982304211871981,
  "decision_cutoff_raw_source": "oof_balanced_accuracy",
  "decision_cutoff_proba": 0.1266082538781056,
  "decision_cutoff_rank": 0.8945518453427065,
  "decision_cutoff_logit": -1.9312864866283392,
  "calibrator": {
    "method": "platt",
    "coef": 8.201582470981547,
    "intercept": -5.197406128448861
  },
  "ranker": {
    "knots": [
      0.16177457352198188,
      0.163296583215687,
      0.16660845180311148,
      0.1678638402748432,
      0.17003894275512887,
      0.17086615534610783,
      0.1721741747442077,
      0.17233642872103527,
      0.17384496629042775,
      0.177711349354534,
      0.17983416035580313,
      0.1816587399487394,
      0.18178722231179828,
      0.1826449619166781,
      0.1827235673892029,
      0.18276245498386448,
      0.18278692505836192,
      0.18602377272919463,
      0.18726756420197088,
      0.18779378065215263,
      0.18800939712751044,
      0.18825356939256296,
      0.18828859829308356,
      0.18836325720728891,
      0.1885305878751992,
      0.1893396795575722,
      0.18958676778481842,
      0.19005281632051882,
      0.19108394430634193,
      0.1925485056029944,
      0.19324077900333622,
      0.19332686763121573,
      0.1941379568964939,
      0.19424269678470132,
      0.19514040873276967,
      0.19603425192893364,
      0.196385580872349,
      0.19671901986179188,
      0.19751170487477424,
      0.1975417851206952,
      0.19756615765059846,
      0.19769821066826934,
      0.19866771706748798,
      0.19906701101420127,
      0.19991325633069446,
      0.2006622933034038,
      0.20115130177915036,
      0.20156874424529775,
      0.20198082382735258,
      0.20300942810076208,
      0.20379090421528667,
      0.20416164392557828,
      0.20441628607581364,
      0.20635119712916764,
      0.2064940232672848,
      0.20705451244930256,
      0.2075205258625947,
      0.2080414600138663,
      0.20838116316644428,
      0.2086091355934773,
      0.20887442632032344,
      0.2089546367007327,
      0.20926435868364085,
      0.20942376844009203,
      0.2095883164698124,
      0.21064475061009783,
      0.21067614204591467,
      0.21102442726787035,
      0.21213596092573145,
      0.2125771304044035,
      0.21269635775585227,
      0.21336608350732447,
      0.21345728255905994,
      0.2145485231395836,
      0.21475000132178912,
      0.21478653325888072,
      0.21487240540849123,
      0.21521174813809932,
      0.21654219864415153,
      0.21757122166307044,
      0.21769190287345988,
      0.21796140519160034,
      0.21859744492770505,
      0.21912897664237102,
      0.21913559688254186,
      0.2192193777108697,
      0.22040849399121232,
      0.22044713008430375,
      0.22076293580163228,
      0.22094632357441385,
      0.22151431528908158,
      0.22208928677851278,
      0.22282816864392566,
      0.22303946417907328,
      0.22318325886138277,
      0.22376424577119441,
      0.22429775960781634,
      0.2244386291131548,
      0.2249713528932659,
      0.2251536115743446,
      0.22583418580227535,
      0.22666925890321832,
      0.22698061704570432,
      0.2271682249034409,
      0.22719467478263536,
      0.22750704682661627,
      0.22775132362070424,
      0.22776526812782744,
      0.22813872796885137,
      0.22822437918510807,
      0.22831766352211705,
      0.2283376256562542,
      0.22840638628342386,
      0.22922290624009264,
      0.22930573067167193,
      0.2293105182661369,
      0.2293899074422281,
      0.2295831727707864,
      0.22975459032638476,
      0.2298187067959597,
      0.22988099652525593,
      0.2299293386294174,
      0.2301711277194427,
      0.2304848374539304,
      0.23067425363088834,
      0.23086889815741957,
      0.23092067069919606,
      0.23102028452394077,
      0.23134292542111298,
      0.23149475469980635,
      0.23177769688311065,
      0.2320029558170653,
      0.23209406640113717,
      0.23261128897009448,
      0.2331725649219179,
      0.23393092323921155,
      0.23412136412771414,
      0.23470603522604708,
      0.23473242988949425,
      0.23491260692512925,
      0.23516263903582288,
      0.2351849535111372,
      0.23540830400139706,
      0.23576770351909576,
      0.23582018516228717,
      0.236193980888531,
      0.23627133887542193,
      0.23693364115225132,
      0.2372171448590782,
      0.23728982641003535,
      0.23758431476638373,
      0.23769434315008814,
      0.23781091505855428,
      0.23803371489414055,
      0.23843220650697025,
      0.23848154845235056,
      0.23848311761934543,
      0.23870038195623705,
      0.23873113587701672,
      0.23898262053895436,
      0.23946463220290176,
      0.23966913173292842,
      0.23972450401335849,
      0.2397776876900793,
      0.23980023774507306,
      0.23985195591912653,
      0.24051605714472007,
      0.2407050488118265,
      0.24078555868975127,
      0.24078962377322657,
      0.24082326456055958,
      0.24105630843377115,
      0.2411873601169616,
      0.24145474500900188,
      0.2415748294309048,
      0.24194610538326328,
      0.24213242998900836,
      0.24242559451522572,
      0.24251829229006128,
      0.2425648988523983,
      0.24258511050667755,
      0.2425855739794491,
      0.24261166018603336,
      0.24286530714773247,
      0.24291552124450957,
      0.243298772994482,
      0.243369410413288,
      0.24373481246711778,
      0.2437619984191225,
      0.24380120335856492,
      0.2438015711464592,
      0.2440539217739696,
      0.2447049335262704,
      0.2456741110442483,
      0.2456855160905307,
      0.24573646592907167,
      0.24593251410366973,
      0.246077546339792,
      0.2465777361209844,
      0.24670355523625884,
      0.24679371926996096,
      0.24690899872261657,
      0.24699385803823748,
      0.24709647635109203,
      0.2472723058030632,
      0.2475660057959878,
      0.2477554162772448,
      0.24781060485504466,
      0.24797164928925897,
      0.2480011411955997,
      0.24824147737888624,
      0.248334606989078,
      0.24840761314669874,
      0.24901694637751465,
      0.24955595212834472,
      0.24986482529821966,
      0.2501991698168328,
      0.25036761746723873,
      0.25044214430381634,
      0.2504888314695041,
      0.2507483630545695,
      0.2511576786474476,
      0.2513020112592806,
      0.251313242397581,
      0.2514239576949855,
      0.2515527550899906,
      0.25161895190376943,
      0.25192388380302444,
      0.2520372741571094,
      0.25222459107211337,
      0.2524310580276597,
      0.25269027887878803,
      0.25271158999928495,
      0.2530456346325453,
      0.2531278917669493,
      0.2533689113057454,
      0.25388579987105403,
      0.2539450013476253,
      0.25405733629476085,
      0.25442221325584174,
      0.25460818389204987,
      0.2548474735713086,
      0.2549894799798287,
      0.2551733944076368,
      0.2552509061376699,
      0.2552845184224966,
      0.2553171146391056,
      0.2553876242651558,
      0.2554711192568638,
      0.25550337929112604,
      0.25561302807784403,
      0.2559907020421131,
      0.2560598110888733,
