{
  "task": "classification",
  "format": "onnx",
  "preset_name": "default",
  "best_iteration": 99,
  "params": {
    "tree_method": "hist",
    "device": "cpu",
    "learning_rate": 0.3,
    "max_depth": 6,
    "min_child_weight": 1,
    "subsample": 1.0,
    "colsample_bytree": 1.0,
    "reg_alpha": 0.0,
    "reg_lambda": 1.0,
    "max_bin": 256,
    "n_estimators": 2000,
    "early_stopping_rounds": 50,
    "nthread": 64,
    "objective": "binary:logistic",
    "scale_pos_weight": 9.0,
    "eval_metric": "auc"
  },
  "profile": {
    "n_samples": 570,
    "n_features": 768,
    "n_p_ratio": 0.7421875,
    "sparsity": 0.0,
    "is_sparse_counts": false,
    "binary_feature_fraction": 0.0,
    "feature_signal_strength": 0.13760529937246138,
    "feature_signal_p90": 0.2811341672995441,
    "task": "classification",
    "imbalance_ratio": 9.0,
    "y_skewness": 0.0,
    "y_all_positive": false
  },
  "portfolio_scores": {
    "flaml": NaN,
    "autogluon": NaN,
    "heuristic": 0.9907715023994094,
    "default": 0.977482465854559
  },
  "decision_cutoff_raw": 0.0356781892478466,
  "decision_cutoff_raw_source": "oof_balanced_accuracy",
  "decision_cutoff_proba": 0.031744336289705015,
  "decision_cutoff_rank": 0.8558875219683655,
  "decision_cutoff_logit": -3.417781842957382,
  "calibrator": {
    "method": "platt",
    "coef": 5.329832800172519,
    "intercept": -3.6079406262613167
  },
  "ranker": {
    "knots": [
      0.00017708016093820333,
      0.00018642598297446966,
      0.00020931811013724655,
      0.00022577274648938328,
      0.0002413903857814148,
      0.00024282201775349677,
      0.0002475992077961564,
      0.0002510290069039911,
      0.0002542196598369628,
      0.0002582076995167881,
      0.00026212609373033047,
      0.00026470658485777676,
      0.0002708998217713088,
      0.00027417248929850757,
      0.0002755971217993647,
      0.0002832094032783061,
      0.0002883839188143611,
      0.00029094424098730087,
      0.0002912439813371748,
      0.0002968478365801275,
      0.0003021781158167869,
      0.0003038545255549252,
      0.00030572613468393683,
      0.00030937956762500107,
      0.00031848865910433233,
      0.00032357589225284755,
      0.00032401515636593103,
      0.00032657242263667285,
      0.0003297284129075706,
      0.0003315949288662523,
      0.00033959062420763075,
      0.0003431552031543106,
      0.0003441775916144252,
      0.0003490630188025534,
      0.00035040132934227586,
      0.00035387082607485354,
      0.0003663285751827061,
      0.0003667812852654606,
      0.0003693670150823891,
      0.0003696315689012408,
      0.0003723276895470917,
      0.0003738674276974052,
      0.0003748061426449567,
      0.0003822406870312989,
      0.00038336252328008413,
      0.00038722410681657493,
      0.0003945094358641654,
      0.0003984718641731888,
      0.00039963272865861654,
      0.00039986270712688565,
      0.0004068842390552163,
      0.0004102896200492978,
      0.0004156958020757884,
      0.00041598640382289886,
      0.000421168195316568,
      0.000421482662204653,
      0.0004286795447114855,
      0.000432234926847741,
      0.00043493349221535027,
      0.0004415609291754663,
      0.00044228590559214354,
      0.00044262525625526905,
      0.0004443208163138479,
      0.00044848935795016587,
      0.00044938037171959877,
      0.00045748596312478185,
      0.0004612363700289279,
      0.0004627226444426924,
      0.00046358397230505943,
      0.0004668518668040633,
      0.0004733367240987718,
      0.00047498126514256,
      0.0004842133494094014,
      0.00048631266690790653,
      0.0004863631911575794,
      0.000487158220494166,
      0.0004874167207162827,
      0.0004930750001221895,
      0.0004948916030116379,
      0.0005071638152003288,
      0.0005073340144008398,
      0.0005179456784389913,
      0.0005206678761169314,
      0.0005224705091677606,
      0.0005230597453191876,
      0.0005290980916470289,
      0.0005292297573760152,
      0.0005320007912814617,
      0.0005329925916157663,
      0.000539095897693187,
      0.0005406267591752112,
      0.0005474751233123243,
      0.000548367912415415,
      0.000549198011867702,
      0.0005659447051584721,
      0.000567593437153846,
      0.0005707981181330979,
      0.0005775327445007861,
      0.0005790788563899696,
      0.0005845922278240323,
      0.0005853923503309488,
      0.0005857489886693656,
      0.0005862298421561718,
      0.000589516363106668,
      0.0005922982818447053,
      0.0005934739019721746,
      0.0005963998846709728,
      0.0006010088254697621,
      0.0006044377223588526,
      0.0006082428735680878,
      0.0006141452468000352,
      0.0006214200984686613,
      0.0006221999647095799,
      0.0006223547970876098,
      0.0006236679619178176,
      0.0006336270598694682,
      0.0006344029097817838,
      0.0006375149823725224,
      0.0006432452937588096,
      0.0006456965929828584,
      0.000646391767077148,
      0.0006498204893432558,
      0.0006517305155284703,
      0.0006534464191645384,
      0.000654052069876343,
      0.0006586974486708641,
      0.0006597831379622221,
      0.0006669771973975003,
      0.0006682614330202341,
      0.0006695176125504076,
      0.0006715043564327061,
      0.0006763641140423715,
      0.0006784318829886615,
      0.0006785842124372721,
      0.000680851808283478,
      0.0006833783118054271,
      0.0006847522454336286,
      0.0006975855212658644,
      0.0007020944613032043,
      0.0007120404043234885,
      0.0007216800004243851,
      0.0007258017431013286,
      0.0007320099975913763,
      0.0007331469096243382,
      0.0007355058914981782,
      0.0007402794435620308,
      0.0007464364753104746,
      0.0007504580426029861,
      0.0007514312746934593,
      0.0007528343121521175,
      0.0007644722936674953,
      0.0007694249507039785,
      0.0007696534157730639,
      0.0007932652370072901,
      0.0007988783763721585,
      0.0008027316653169692,
      0.0008156255353242159,
      0.0008157658739946783,
      0.0008233881089836359,
      0.0008260718313977122,
      0.0008300390909425914,
      0.0008305395022034645,
      0.0008350381976924837,
      0.0008385912515223026,
      0.0008402261300943792,
      0.0008459443342871964,
      0.0008466358412988484,
      0.0008515671943314373,
      0.0008566508768126369,
      0.0008646799251437187,
      0.0008658720762468874,
      0.0008668429218232632,
      0.0008721622289158404,
      0.0008755510789342225,
      0.000879746163263917,
      0.0008827631827443838,
      0.0008849886362440884,
      0.0008858812507241964,
      0.0008926245500333607,
      0.0009044221369549632,
      0.0009050846565514803,
      0.0009051929810084403,
      0.0009122368646785617,
      0.0009178708423860371,
      0.0009193153819069266,
      0.0009201838402077556,
      0.000922460516449064,
      0.0009359933319501579,
      0.0009412603685632348,
      0.0009555183351039886,
      0.0009573801071383059,
      0.0009637167677283287,
      0.0009638444171287119,
      0.0009664310491643846,
      0.0009672163287177682,
      0.0009688054560683668,
      0.0009738165535964072,
      0.0009799214312806726,
      0.0009840375278145075,
      0.000985755119472742,
      0.0009869415080174804,
      0.0009965720819309354,
      0.0009983382187783718,
      0.0009999021422117949,
      0.0010078325867652893,
      0.0010089820716530085,
      0.0010164473205804825,
      0.0010188843589276075,
      0.0010227169841527939,
      0.0010316063417121768,
      0.001032175961881876,
      0.0010420260950922966,
      0.0010487434919923544,
      0.0010534398024901748,
      0.0010624992428347468,
      0.00106534524820745,
      0.0010767222847789526,
      0.0010889905970543623,
      0.0010984103428199887,
      0.0011009234003722668,
      0.0011067974846810102,
      0.001108558033592999,
      0.0011105070589110255,
      0.0011181212030351162,
      0.0011231808457523584,
