{
    "portfolio": [
        "lr",
        "xgb",
        "rf",
        "svc"
    ],
    "max_batch_size": 100000,
    "max_imbalance_ratio": 100,
    "num_batches": 1,
    "population_prior": 0.048355899419729204,
    "batch_priors": [
        0.048355899419729204
    ],
    "decision_cutoff_raw": 0.18486244145734726,
    "decision_cutoff_proba": 0.04234757182353367,
    "decision_cutoff_rank": 0.893998063891578,
    "decision_cutoff_logit": -3.1185738187744834,
    "decision_cutoff_lift": 0.8757477853106764
}