{
  "task": "classification",
  "format": "onnx",
  "preset_name": "default",
  "use_linear": false,
  "n_features_in": 129,
  "classes": [
    0,
    1
  ],
  "params": {
    "C": 1.0,
    "kernel": "rbf",
    "gamma": "scale",
    "class_weight": "balanced",
    "max_iter": 1805,
    "tol": 0.001,
    "random_state": 42,
    "use_linear": false
  },
  "profile": {
    "n_samples": 361,
    "n_features": 129,
    "n_p_ratio": 2.798449612403101,
    "sparsity": 0.4904979707530761,
    "is_sparse_counts": false,
    "binary_feature_fraction": 0.17054263565891473,
    "feature_signal_strength": 0.13708348170833112,
    "feature_signal_p90": 0.2700967026261267,
    "task": "classification",
    "imbalance_ratio": 3.3493975903614457,
    "y_skewness": 0.0,
    "y_all_positive": false
  },
  "portfolio_scores": {
    "heuristic": 0.7124183006535948,
    "default": 0.6980392156862745,
    "linear": 0.7176470588235294,
    "balanced_rbf": 0.7124183006535948
  },
  "decision_cutoff_raw": 0.7310138252014057,
  "decision_cutoff_raw_source": "oof_balanced_accuracy",
  "decision_cutoff_proba": 0.26557212112729195,
  "decision_cutoff_rank": 0.3111111111111111,
  "decision_cutoff_logit": -1.0172053535559384,
  "calibrator": {
    "method": "platt",
    "coef": 2.4156532288589045,
    "intercept": -2.7830812607442126
  },
  "ranker": {
    "knots": [
      0.2278588332097659,
      0.22791455631773308,
      0.23541890279098995,
      0.23609406359002427,
      0.2414521366451172,
      0.24625965361756869,
      0.24760286345923843,
      0.24811604466426063,
      0.24965217140374193,
      0.2508042962509672,
      0.25144121014599347,
      0.2518806400150119,
      0.2576069525738848,
      0.2655990623874989,
      0.2659155039215041,
      0.2664645882451837,
      0.2667252197229746,
      0.2668814133115858,
      0.26724277645023986,
      0.26784641875848797,
      0.2678490349661075,
      0.2679375366342628,
      0.26795769218306875,
      0.2682970912121833,
      0.26830334678856943,
      0.2683344045742425,
      0.26836069170108434,
      0.26837042150020624,
      0.2684591573188784,
      0.26852714281464146,
      0.26862787263537147,
      0.2686575417870626,
      0.268667913092554,
      0.26867785019230506,
      0.26870568525051597,
      0.26872489334056177,
      0.2687430103966665,
      0.2687612983291941,
      0.2687647449906529,
      0.2687741401383286,
      0.26878635935485296,
      0.26879685738068226,
      0.2687968601544236,
      0.26880825163576005,
      0.26884060858935904,
      0.26884695059838476,
      0.2688475779031794,
      0.2688494128708875,
      0.26884941608142415,
      0.26885118133129077,
      0.2688645673908622,
      0.26886457872593794,
      0.26886666721568464,
      0.2688681188080163,
      0.2688902055683765,
      0.2689069316004635,
      0.2689073994767748,
      0.26891184893980824,
      0.268914472144914,
      0.2689190767230475,
      0.26892011833111384,
      0.2689228755403082,
      0.2689362770202681,
      0.26895809591252834,
      0.268959667620441,
      0.26896660447183546,
      0.2689838454490324,
      0.2701671160488847,
      0.270208181579736,
      0.27047367447777054,
      0.2705741068445564,
      0.2780080927998442,
      0.283280328188164,
      0.2844900110212913,
      0.296393471868447,
      0.29639350074775345,
      0.3531897578102284,
      0.37770317311591506,
      0.3826382001103952,
      0.41195549750742844,
      0.4724966145050866,
      0.6618574231030806,
      0.6977593642630248,
      0.7033467506739253,
      0.7310135564156102,
      0.7310136095252294,
      0.7310136195708311,
      0.7310136213773534,
      0.7310136487140699,
      0.7310136532388614,
      0.7310136625058193,
      0.7310136738115428,
      0.7310136818762475,
      0.731013689369294,
      0.7310137113920528,
      0.7310137196876465,
      0.7310137306436325,
      0.7310137313102147,
      0.7310137390336907,
      0.73101374085706,
      0.7310137422349136,
      0.7310137502210193,
      0.7310137644163416,
      0.7310137845629106,
      0.7310137852411667,
      0.7310137916755216,
      0.7310137942778993,
      0.7310138006940929,
      0.7310138033691022,
      0.7310138063241199,
      0.7310138067658992,
      0.7310138178508098,
      0.7310138252014057,
      0.7310138260287917,
      0.7310138273731149,
      0.7310138281536521,
      0.731013834478478,
      0.731013838269599,
      0.7310138388867371,
      0.7310138491806314,
      0.73101387250712,
      0.7310138854480693,
      0.731013893798047,
      0.7310139094675847,
      0.7310139529411241,
      0.7310139779945293,
      0.7310140221960592,
      0.7310140620143383,
      0.7310140928461658,
      0.7310141399474309,
      0.7310142215725468,
      0.7310142392945618,
      0.7310144117451557,
      0.731014412914463,
      0.7310144381146612,
      0.7310144441295102,
      0.731014457099422,
      0.7310145559428702,
      0.7310145803556851,
      0.731014608763826,
      0.731014628393153,
      0.7310146885783567,
      0.7310197743090439,
      0.731019775284702,
      0.7310197758882483,
      0.7310197888612777,
      0.7310197926014327,
      0.7310197930538758,
      0.7310197936630881,
      0.7310198047179849,
      0.7310198083313907,
      0.7310198119754985,
      0.731019812645391,
      0.7310198170361166,
      0.7310198397443667,
      0.7310198421539615,
      0.7310199122741144,
      0.731019913269056,
      0.7310199146632529,
      0.731019923258767,
      0.7310199294592644,
      0.7310199334189155,
      0.731019936665882,
      0.7310199374450858,
      0.7310199428562674,
      0.7310199459814054,
      0.7310199483747911,
      0.7310199513393175,
      0.7310199545505399,
      0.7310199552917728,
      0.7310199603419828,
      0.7310199678240472,
      0.731019973082865,
      0.7310199737065212,
      0.7310199746128171,
      0.7310199862702083,
      0.7310199865081205,
      0.7310199915825357,
      0.7310199919054645,
      0.7310199967058149,
      0.7310200722824739,
      0.731020100251141,
      0.7310201194204914,
      0.7310201393428649,
      0.7310201428116601,
      0.731020163283163,
      0.7310201713327052,
      0.7310201946744302,
      0.7310203084593382,
      0.7310203100928271,
      0.7310203208487004,
      0.7310203474753644,
      0.7310203493577929,
      0.7310203584906443,
      0.7310203847049522,
      0.7310206149485308,
      0.7310214227875891,
      0.7310214325572206,
      0.7310214333316414,
      0.7310214348676967,
      0.7310214374751932,
      0.7310214392602851,
      0.7310214428310244,
      0.7310214498274803,
      0.7310214538452523,
      0.7310214687133926,
      0.7310215028705827,
      0.7310215139095372,
      0.7310215439518782,
      0.7310215514570152,
      0.7310215560626067,
      0.7310215569536677,
      0.7310215642338073,
      0.731021564556675,
      0.7310215662111939,
      0.731021579189052,
      0.7310215805186359,
      0.7310215817826359,
      0.7310215916859856,
      0.7310216096200003,
      0.7310216156924965,
      0.7310216426617113,
      0.731021645155412,
      0.731021652828385,
      0.7310216786738153,
      0.7310216893973625,
      0.7310216914693404,
      0.7310217365396101,
      0.7310217380448183,
      0.7310217408887754,
      0.7310217605906435,
      0.7310218274507326,
      0.7310218485286561,
      0.7310218519075519,
      0.7310218890584447,
      0.7310218917633895,
      0.7310218944752075,
      0.7310219930029318,
      0.7310220223077226,
      0.7310220351463741,
      0.7310220671201563,
      0.7310220780661484,
      0.7310221202398445,
      0.7310221327304736,
      0.731022152752798,
      0.7310221716624218,
      0.731022181537061,
      0.7310221817487272,
      0.7310222207604592,
      0.7310222838032904,
      0.7310486981213755,
      0.7310487200047452,
      0.7310487259087027,
      0.731048744212933,
      0.7310487451277986,
