{
  "task": "classification",
  "format": "onnx",
  "preset_name": "default",
  "best_iteration": 99,
  "params": {
    "tree_method": "hist",
    "device": "cpu",
    "learning_rate": 0.3,
    "max_depth": 6,
    "min_child_weight": 1,
    "subsample": 1.0,
    "colsample_bytree": 1.0,
    "reg_alpha": 0.0,
    "reg_lambda": 1.0,
    "max_bin": 256,
    "n_estimators": 2000,
    "early_stopping_rounds": 50,
    "nthread": 64,
    "objective": "binary:logistic",
    "scale_pos_weight": 3.3494,
    "eval_metric": "auc"
  },
  "profile": {
    "n_samples": 361,
    "n_features": 129,
    "n_p_ratio": 2.798449612403101,
    "sparsity": 0.4904979707530761,
    "is_sparse_counts": false,
    "binary_feature_fraction": 0.17054263565891473,
    "feature_signal_strength": 0.13708348170833112,
    "feature_signal_p90": 0.2700967026261267,
    "task": "classification",
    "imbalance_ratio": 3.3493975903614457,
    "y_skewness": 0.0,
    "y_all_positive": false
  },
  "portfolio_scores": {
    "flaml": NaN,
    "heuristic": 0.8814814814814814,
    "default": 0.8934640522875817,
    "autogluon": 0.8814814814814814
  },
  "decision_cutoff_raw": 0.23805899918079376,
  "decision_cutoff_raw_source": "oof_balanced_accuracy",
  "decision_cutoff_proba": 0.17719896034989557,
  "decision_cutoff_rank": 0.7305555555555556,
  "decision_cutoff_logit": -1.535441250275562,
  "calibrator": {
    "method": "platt",
    "coef": 3.319975203486764,
    "intercept": -2.325791224522673
  },
  "ranker": {
    "knots": [
      0.00012458705168683082,
      0.00012477728887461126,
      0.00014494845527224243,
      0.00017585621390026063,
      0.00018673537124413997,
      0.00019260396948084235,
      0.00020028922881465405,
      0.00020377174951136112,
      0.0002105852763634175,
      0.0002105852763634175,
      0.00022749952040612698,
      0.00023413180315401405,
      0.00024397748347837478,
      0.0002600515144877136,
      0.0002615718694869429,
      0.0002645400818437338,
      0.00027636546292342246,
      0.00027788919396698475,
      0.0002801821392495185,
      0.0002891545300371945,
      0.0003001424192916602,
      0.00030128000071272254,
      0.00030407478334382176,
      0.0003116246371064335,
      0.00033157120924443007,
      0.0003329545434098691,
      0.0003380702983122319,
      0.0003442798333708197,
      0.0003487046342343092,
      0.0003620681236498058,
      0.0003621418436523527,
      0.00036963456659577787,
      0.000371599686332047,
      0.00037970332778058946,
      0.0003829294873867184,
      0.00038449454586952925,
      0.0003863358579110354,
      0.00039959518471732736,
      0.0004338485305197537,
      0.0004407472151797265,
      0.00046269461745396256,
      0.0004813428968191147,
      0.0004846178344450891,
      0.0004887291579507291,
      0.0005088452599011362,
      0.0005151439108885825,
      0.0005262698978185654,
      0.0005372448940761387,
      0.000537388026714325,
      0.0005588606582023203,
      0.0005692954873666167,
      0.0005771041032858193,
      0.0005802531959488988,
      0.0005833218456245959,
      0.0006009701173752546,
      0.000613383308518678,
      0.0006180150085128844,
      0.0006335760117508471,
      0.0006345335277728736,
      0.0006362588028423488,
      0.0006368618342094123,
      0.0006550505058839917,
      0.0006593666621483862,
      0.0006747908773832023,
      0.0006814447697252035,
      0.0006851125508546829,
      0.0007394129643216729,
      0.0007502742810174823,
      0.0007538092322647572,
      0.0007663829601369798,
      0.0007935396861284971,
      0.0008540952694602311,
      0.0008595645776949823,
      0.0008696838631294668,
      0.0008760605123825371,
      0.000907922862097621,
      0.0009255713666789234,
      0.0009546598303131759,
      0.0009943831246346235,
      0.0010188920423388481,
      0.001088118413463235,
      0.0011054766364395618,
      0.0011286868248134851,
      0.0011332370340824127,
      0.0011700791073963046,
      0.0011824409011751413,
      0.0011918917298316956,
      0.0011974319349974394,
      0.0012136711739003658,
      0.001219068537466228,
      0.001219068537466228,
      0.0012473423266783357,
      0.001284890458919108,
      0.0012867256300523877,
      0.0013593975454568863,
      0.0013629216700792313,
      0.001366899348795414,
      0.0013992476742714643,
      0.0014512332854792476,
      0.001460433122701943,
      0.0014778781915083528,
      0.0014928998425602913,
      0.0015247210394591093,
      0.001529972068965435,
      0.0016699193511158228,
      0.0017247407231479883,
      0.001780897262506187,
      0.0017999919364228845,
      0.0018855823436751962,
      0.0019283776637166739,
      0.0020627141930162907,
      0.0021492182277143,
      0.002187527948990464,
      0.00220086588524282,
      0.0022312041837722063,
      0.002256941981613636,
      0.0022856600116938353,
      0.0023071374744176865,
      0.0023463224060833454,
      0.0023537916131317616,
      0.0023725293576717377,
      0.002419557422399521,
      0.0024495325051248074,
      0.002506213029846549,
      0.0025275610387325287,
      0.0026142422575503588,
      0.002630191156640649,
      0.00263396417722106,
      0.0027867613825947046,
      0.0028145997785031796,
      0.0028529521077871323,
      0.002944843377918005,
      0.0030998147558420897,
      0.0031310205813497305,
      0.0032506368588656187,
      0.003277624724432826,
      0.0033294777385890484,
      0.003338269656524062,
      0.003368811681866646,
      0.003504608990624547,
      0.003573978552594781,
      0.0035833572037518024,
      0.0037391982041299343,
      0.0037616179324686527,
      0.0038700327277183533,
      0.0039451089687645435,
      0.003979728557169437,
      0.004179038107395172,
      0.004274456296116114,
      0.004289680626243353,
      0.0043244254775345325,
      0.004412902984768152,
      0.004434356465935707,
      0.004489381797611713,
      0.004585025832056999,
      0.004591117147356272,
      0.004698334261775017,
      0.004843846429139376,
      0.004912127740681171,
      0.005271515808999538,
      0.005301082506775856,
      0.0053413682617247105,
      0.005341461859643459,
      0.005797612946480513,
      0.005940452683717012,
      0.006046759895980358,
      0.00637441873550415,
      0.006758329924196005,
      0.0068123238161206245,
      0.0069403634406626225,
      0.006956514902412891,
      0.007431287784129381,
      0.00744156539440155,
      0.00760671216994524,
      0.007670185063034296,
      0.008083347231149673,
      0.00842785183340311,
      0.008462830446660519,
      0.008988826535642147,
      0.009037857875227928,
      0.009175256825983524,
      0.009206386283040047,
      0.00945640355348587,
      0.009580926969647408,
      0.009654141031205654,
      0.010278440080583096,
      0.011358720250427723,
      0.01213221624493599,
      0.012166514061391354,
      0.012333427555859089,
      0.012824461795389652,
      0.013456983491778374,
      0.013993490487337112,
      0.014023398980498314,
      0.014063850976526737,
      0.01436680369079113,
      0.015081549994647503,
      0.015180734917521477,
      0.01682058535516262,
      0.017210138961672783,
      0.01724514551460743,
      0.0174435805529356,
      0.017639925703406334,
      0.018749088048934937,
      0.01992431841790676,
      0.01998361572623253,
      0.020015647634863853,
      0.021404150873422623,
      0.02370605804026127,
      0.02461072988808155,
      0.025102417916059494,
      0.026162905618548393,
      0.026628922671079636,
      0.026736047118902206,
      0.028418634086847305,
      0.029200328513979912,
      0.029334360733628273,
      0.03262048959732056,
      0.0338924266397953,
      0.03454876318573952,
      0.03627273440361023,
      0.03639569133520126,
      0.03935222700238228,
      0.04031309857964516,
      0.041733596473932266,
      0.04278950020670891,
      0.0432182177901268,
