{
  "n_components": 27,
  "n_features_in": 768,
  "n_cal_knots": 200,
  "cal_min": 2.486237049102783,
  "cal_max": 9.668734550476074,
  "scaler": "standard"
}