{
  "n_components": 27,
  "n_features_in": 768,
  "n_cal_knots": 200,
  "cal_min": 2.446533441543579,
  "cal_max": 12.006718635559082,
  "scaler": "standard"
}