{
  "n_components": 45,
  "n_features_in": 2048,
  "n_cal_knots": 200,
  "cal_min": 2.9018352031707764,
  "cal_max": 31.09067153930664,
  "scaler": "standard"
}