{
    "portfolio": [
        "lr",
        "xgb",
        "rf",
        "svc"
    ],
    "max_batch_size": 100000,
    "max_imbalance_ratio": 100,
    "num_batches": 1,
    "population_prior": 0.1,
    "batch_priors": [
        0.1
    ],
    "decision_cutoff_raw": 0.30283094700929775,
    "decision_cutoff_proba": 0.10221408698721575,
    "decision_cutoff_rank": 0.8624787775891342,
    "decision_cutoff_logit": -2.1728621299428164,
    "decision_cutoff_lift": 1.0221408698721575
}