{
    "portfolio": [
        "xgb",
        "rf"
    ],
    "max_batch_size": 100000,
    "max_imbalance_ratio": 100,
    "num_batches": 1,
    "population_prior": 0.01094677028495028,
    "batch_priors": [
        0.01094677028495028
    ],
    "decision_cutoff_raw": 0.02822005385403905,
    "decision_cutoff_proba": 0.005877812592686641,
    "decision_cutoff_rank": 0.884887243658717,
    "decision_cutoff_logit": -5.1306754394070895,
    "decision_cutoff_lift": 0.5369449106616873
}