{
    "portfolio": [
        "lr",
        "xgb",
        "rf",
        "svc"
    ],
    "max_batch_size": 100000,
    "max_imbalance_ratio": 100,
    "num_batches": 1,
    "population_prior": 0.1,
    "batch_priors": [
        0.1
    ],
    "decision_cutoff_raw": 0.3387935253533647,
    "decision_cutoff_proba": 0.16013383119444197,
    "decision_cutoff_rank": 0.8838411316648531,
    "decision_cutoff_logit": -1.6572326457196525,
    "decision_cutoff_lift": 1.6013383119444196
}