{
  "n_components": 45,
  "n_features_in": 2048,
  "n_cal_knots": 200,
  "cal_min": 2.7380237579345703,
  "cal_max": 28.682498931884766,
  "scaler": "standard"
}