{
  "task": "classification",
  "format": "onnx",
  "preset_name": "default",
  "use_linear": false,
  "n_features_in": 1763,
  "classes": [
    0,
    1
  ],
  "params": {
    "C": 1.0,
    "kernel": "rbf",
    "gamma": "scale",
    "class_weight": "balanced",
    "max_iter": 2650,
    "tol": 0.001,
    "random_state": 42,
    "use_linear": false
  },
  "profile": {
    "n_samples": 530,
    "n_features": 1763,
    "n_p_ratio": 0.30062393647192287,
    "sparsity": 0.43189139438564195,
    "is_sparse_counts": false,
    "binary_feature_fraction": 0.0022688598979013048,
    "feature_signal_strength": 0.12281076235767316,
    "feature_signal_p90": 0.25627263435820674,
    "task": "classification",
    "imbalance_ratio": 9.0,
    "y_skewness": 0.0,
    "y_all_positive": false
  },
  "portfolio_scores": {
    "heuristic": 0.9787654320987654,
    "default": 0.9792592592592593,
    "linear": 0.9822222222222222,
    "balanced_rbf": 0.9822222222222222
  },
  "decision_cutoff_raw": 0.6078096923387619,
  "decision_cutoff_raw_source": "oof_balanced_accuracy",
  "decision_cutoff_proba": 0.3089575193700749,
  "decision_cutoff_rank": 0.8582230623818525,
  "decision_cutoff_logit": -0.8049975092311481,
  "calibrator": {
    "method": "platt",
    "coef": 7.0522325136038635,
    "intercept": -5.091412783626126
  },
  "ranker": {
    "knots": [
      0.18278885946855042,
      0.18759143355367042,
      0.19032759893012066,
      0.19233090505557204,
      0.19300086721505946,
      0.19301435264023623,
      0.19356262397570362,
      0.19436551311678132,
      0.19451406195679208,
      0.19485784469500086,
      0.19493837061333807,
      0.1950158964817666,
      0.19514608985807996,
      0.19527375838629546,
      0.19601048139543115,
      0.19670759065196178,
      0.1972316346397337,
      0.19753172565321708,
      0.1983935677820442,
      0.19883208210813003,
      0.1995136289023954,
      0.19956142111031291,
      0.1995720921917519,
      0.19968111685438422,
      0.2006078904437663,
      0.20131154992107655,
      0.202832250520945,
      0.20304241029048173,
      0.20354739203853142,
      0.20388151438205343,
      0.20395234207547464,
      0.20399614551482395,
      0.20446370761593907,
      0.20459276660508785,
      0.20466025327251716,
      0.2050889632733658,
      0.20538275397482098,
      0.20613540830662108,
      0.20616656417489893,
      0.20624457193101425,
      0.20635551275106412,
      0.20651687230459564,
      0.20656005028882618,
      0.20662945372649988,
      0.2073943203015265,
      0.20753941155964012,
      0.20790251149238304,
      0.2079087913413545,
      0.20795498436125462,
      0.20811152447658227,
      0.20857751930768018,
      0.20881707077595502,
      0.20909078767273157,
      0.20916861918197338,
      0.20932750743637535,
      0.20939343211939276,
      0.20951650143613415,
      0.2099738032868109,
      0.20999238018034685,
      0.21012739415448656,
      0.21036567570184828,
      0.21041930134496878,
      0.2106487854974987,
      0.21088791573308516,
      0.21093295955120722,
      0.21096520331045018,
      0.2111138453744026,
      0.21135942750744496,
      0.2114157809243697,
      0.2123056509763604,
      0.21237801397685435,
      0.21248450965642884,
      0.2127699453371377,
      0.21305253433136098,
      0.2130841975929572,
      0.2132649679790436,
      0.21333527650841855,
      0.21340597458826435,
      0.21350398282099095,
      0.21367951767971607,
      0.21394034444876006,
      0.21415054347002926,
      0.21424874677637618,
      0.2146659239704468,
      0.21469127272217756,
      0.21469439529576,
      0.21497169829397436,
      0.2150014936930389,
      0.21526065054288737,
      0.2152801743330048,
      0.21600966759581633,
      0.21605899757244082,
      0.21620581821147553,
      0.2162662599039164,
      0.2164840801737196,
      0.21663711964673335,
      0.21715752884968875,
      0.2171773422087713,
      0.21740330950471057,
      0.2186039068093388,
      0.2187200419002509,
      0.21872877743433694,
      0.21884351601963525,
      0.21910643072229033,
      0.2193242682470511,
      0.2197617478975398,
      0.219957323638115,
      0.22022483969270878,
      0.22023917427775602,
      0.22043563167532682,
      0.22053203242740968,
      0.2205366269050843,
      0.22063913886761818,
      0.22066353752482715,
      0.22071613891365344,
      0.2208380032086955,
      0.22109230161167337,
      0.22120481822587143,
      0.22120719549657594,
      0.2214543178360673,
      0.22157104336569727,
      0.22168290386114345,
      0.2220020414867332,
      0.22210224928201797,
      0.22220378874776212,
      0.2222744198955977,
      0.22243442680587705,
      0.22248174090230968,
      0.22258685057408012,
      0.22260024137326526,
      0.22262344353992342,
      0.222667412904753,
      0.2227935591554658,
      0.22319366258757234,
      0.2234542477611073,
      0.22355074224175134,
      0.22355197806432864,
      0.22379699177318038,
      0.22424028932146994,
      0.2244312903186448,
      0.22453293356359352,
      0.22462728986300465,
      0.2248495027584045,
      0.22502384111375373,
      0.22503469210776564,
      0.2250362213542254,
      0.22519017577959463,
      0.225353491132398,
      0.22561012232148872,
      0.22563883645141472,
      0.22564789134579413,
      0.22580894039538635,
      0.22594274471420206,
      0.22598211449610983,
      0.22601452588917037,
      0.22607639579215194,
      0.22629200901485724,
      0.2263665996613945,
      0.2265958870419175,
      0.2269813407404883,
      0.2269899047528478,
      0.22720323876199483,
      0.22726931081970655,
      0.22728417705891266,
      0.22732478569819983,
      0.22739360434337647,
      0.2274626046759864,
      0.22758524938660274,
      0.22777385404642414,
      0.2278765431032384,
      0.22799147908634176,
      0.22807099257429997,
      0.22812354097106566,
      0.22816947556008174,
      0.22828064676072346,
      0.2283932711025671,
      0.22908711211118207,
      0.22911491629911854,
      0.22934536891716592,
      0.22937027165807844,
      0.2293765223877152,
      0.22944549924627006,
      0.22961733213683894,
      0.2296816727823131,
      0.22978109671162528,
      0.2298042993601506,
      0.22987192646433402,
      0.2298798436610505,
      0.22998287638167372,
      0.23020444855466693,
      0.23025295808494206,
      0.2305141239833869,
      0.2305220796187179,
      0.23061018794780938,
      0.23062931653248225,
      0.23063363491292188,
      0.23071374147617146,
      0.23075860277456567,
      0.2308523848336415,
      0.23096632511995793,
      0.23144311836846435,
      0.23191031489202116,
      0.23193699603115814,
      0.23235246147651084,
      0.23255006971457146,
      0.23261763408869823,
      0.23262671309590777,
      0.2328145381199261,
      0.23285899928551687,
      0.2333290096841362,
      0.23334782301619061,
      0.23346605414641525,
      0.2335353713772237,
      0.2336125396318312,
      0.23362698738345322,
      0.2336545788884111,
      0.233708982658603,
      0.23372763313665465,
      0.2338560719494748,
      0.23389857222439533,
      0.2341181225652234,
      0.23415010542577566,
      0.23419401173680032,
      0.23420749721612472,
      0.23428279719140588,
      0.23437800255520838,
      0.23467247863913648,
      0.23484058796030954,
      0.23508115501236887,
      0.23511685718368558,
      0.2351386480979725,
      0.23523321205169295,
      0.23527293483329703,
      0.23528032271635582,
      0.23537654067361502,
      0.23538203278103567,
      0.23551331479301152,
      0.2357102437342492,
      0.23576483588858915,
      0.2357791054691032,
      0.23581849666119703,
      0.235897231216534,
      0.23629748397469877,
      0.23652781445475266,
      0.23654562962613032,
      0.23655259432996972,
      0.2368463362606968,
      0.23709060430928744,
      0.23716492384395937,
