{
  "task": "classification",
  "format": "onnx",
  "preset_name": "default",
  "best_iteration": 99,
  "params": {
    "tree_method": "hist",
    "device": "cpu",
    "learning_rate": 0.3,
    "max_depth": 6,
    "min_child_weight": 1,
    "subsample": 1.0,
    "colsample_bytree": 1.0,
    "reg_alpha": 0.0,
    "reg_lambda": 1.0,
    "max_bin": 256,
    "n_estimators": 2000,
    "early_stopping_rounds": 50,
    "nthread": 56,
    "objective": "binary:logistic",
    "scale_pos_weight": 9.0,
    "eval_metric": "auc"
  },
  "profile": {
    "n_samples": 530,
    "n_features": 1763,
    "n_p_ratio": 0.30062393647192287,
    "sparsity": 0.43189139438564195,
    "is_sparse_counts": false,
    "binary_feature_fraction": 0.0022688598979013048,
    "feature_signal_strength": 0.12281076235767316,
    "feature_signal_p90": 0.25627263435820674,
    "task": "classification",
    "imbalance_ratio": 9.0,
    "y_skewness": 0.0,
    "y_all_positive": false
  },
  "portfolio_scores": {
    "flaml": NaN,
    "autogluon": NaN,
    "heuristic": 0.9868589743589743,
    "default": 0.9817307692307692
  },
  "decision_cutoff_raw": 0.01801639050245285,
  "decision_cutoff_raw_source": "oof_balanced_accuracy",
  "decision_cutoff_proba": 0.029555161172837477,
  "decision_cutoff_rank": 0.8449905482041589,
  "decision_cutoff_logit": -3.4914961755228453,
  "calibrator": {
    "method": "platt",
    "coef": 4.5494317844954875,
    "intercept": -3.573460515116587
  },
  "ranker": {
    "knots": [
      0.00015469815116375685,
      0.00016111905279103667,
      0.00016543903620913625,
      0.00017231274978257716,
      0.000182717849384062,
      0.0001872836728580296,
      0.00019259130931459367,
      0.00019363737374078482,
      0.00019558273197617382,
      0.00019571556185837835,
      0.00019572283781599253,
      0.00019809881632681936,
      0.00020010941079817712,
      0.00020615181711036712,
      0.00020703904738184065,
      0.00020710656826850027,
      0.0002096400858135894,
      0.0002109763736370951,
      0.00021480476425495,
      0.00021556740102823824,
      0.00021556801220867783,
      0.00021563256450463086,
      0.0002161473676096648,
      0.00022128806449472904,
      0.0002238020533695817,
      0.00022486380476038903,
      0.00022801634622737765,
      0.00022902841737959534,
      0.00022989677381701767,
      0.00023138883989304304,
      0.00023349378898274153,
      0.00023388414410874248,
      0.00023535944637842476,
      0.00023550624609924853,
      0.00023810633865650743,
      0.00023832323495298624,
      0.0002391855523455888,
      0.00024112587561830878,
      0.000242456269916147,
      0.000242456269916147,
      0.00024307589046657085,
      0.00024465093156322837,
      0.0002459639508742839,
      0.00024942911113612354,
      0.00024959255824796855,
      0.00025087851099669933,
      0.000251257442869246,
      0.0002522139111533761,
      0.00025241091498173773,
      0.00025320056010968983,
      0.0002583527530077845,
      0.0002601929008960724,
      0.0002622540632728487,
      0.0002628716465551406,
      0.00026354167493991554,
      0.0002655883436091244,
      0.00026678573340177536,
      0.00026824974338524044,
      0.00026852174778468907,
      0.00027011631755158305,
      0.0002735643647611141,
      0.0002735643647611141,
      0.0002735643647611141,
      0.0002743748773355037,
      0.0002753077133093029,
      0.00027601627516560256,
      0.00027617134037427604,
      0.00027780813979916275,
      0.00027909036725759506,
      0.00027953347307629883,
      0.0002816071209963411,
      0.00028368341736495495,
      0.0002841406094375998,
      0.0002842909889295697,
      0.00028620092780329287,
      0.0002863289264496416,
      0.00028646900318562984,
      0.0002865107962861657,
      0.0002877259103115648,
      0.0002901461848523468,
      0.0002907864691223949,
      0.0002939061669167131,
      0.000294018245767802,
      0.0002942633582279086,
      0.00029794397414661944,
      0.000298358965665102,
      0.0002995720715261996,
      0.00029960463871248066,
      0.0003002961166203022,
      0.0003016214177478105,
      0.0003018944407813251,
      0.00030357539071701467,
      0.00030380874522961676,
      0.0003077838628087193,
      0.00031130481511354446,
      0.00031268736347556114,
      0.000314083241391927,
      0.0003147399693261832,
      0.0003156664315611124,
      0.0003156664315611124,
      0.0003179553023073822,
      0.0003184950037393719,
      0.0003192906442563981,
      0.00032245373586192727,
      0.0003229198046028614,
      0.0003249788424000144,
      0.00032539982930757105,
      0.00032546871807426214,
      0.0003263897087890655,
      0.000326962152030319,
      0.0003277220530435443,
      0.00032861781073734164,
      0.0003316025249660015,
      0.0003322635602671653,
      0.0003341731207910925,
      0.000336237222654745,
      0.00033881093258969486,
      0.0003393030783627182,
      0.0003422869194764644,
      0.00034312132629565895,
      0.00034363349550403655,
      0.00034378652344457805,
      0.0003439833817537874,
      0.000344132975442335,
      0.0003442593151703477,
      0.00034445463097654283,
      0.0003462816821411252,
      0.00034738736576400697,
      0.00034830858930945396,
      0.0003488988149911165,
      0.0003496086865197867,
      0.0003502879408188164,
      0.00035115794162265956,
      0.0003561639750842005,
      0.0003561639750842005,
      0.0003567132807802409,
      0.0003571096749510616,
      0.0003571096749510616,
      0.0003589091938920319,
      0.00036070263013243675,
      0.00036287226248532534,
      0.00036378440563566983,
      0.000365314946975559,
      0.00036563811590895057,
      0.00036577723221853375,
      0.00036589440423995256,
      0.000366592692444101,
      0.00036668110988102853,
      0.0003675245388876647,
      0.0003682389506138861,
      0.000369780114851892,
      0.0003722760593518615,
      0.0003743717388715595,
      0.00037437689024955034,
      0.0003752229968085885,
      0.0003753448254428804,
      0.0003768154710996896,
      0.00037869333755224943,
      0.00037925312062725425,
      0.00037985594826750457,
      0.000380129786208272,
      0.00038230576319620013,
      0.00038370638503693044,
      0.0003845216997433454,
      0.0003845520841423422,
      0.0003866254410240799,
      0.0003879549913108349,
      0.00038842050707899034,
      0.00038848252734169364,
      0.0003889844811055809,
      0.0003890410589519888,
      0.0003905822813976556,
      0.0003910351369995624,
      0.00039486310561187565,
      0.0003970664110966027,
      0.0003978423774242401,
      0.0004007359966635704,
      0.0004011256678495556,
      0.0004027629329357296,
      0.00040292227640748024,
      0.0004037129692733288,
      0.00040392548544332385,
      0.0004046008689329028,
      0.0004065736720804125,
      0.00040701113175600767,
      0.0004072041774634272,
      0.00040750589687377214,
      0.00040753951179794967,
      0.0004096313496120274,
      0.0004103410756215453,
      0.00041076785419136286,
      0.0004118298238608986,
      0.00041280302684754133,
      0.0004131165624130517,
      0.00041385425720363855,
      0.00041471244185231626,
      0.0004158357041887939,
      0.0004160742391832173,
      0.0004172694170847535,
      0.0004175716603640467,
      0.0004191157640889287,
      0.0004274199018254876,
      0.00042772601591423154,
      0.0004294179962016642,
      0.0004305262991692871,
      0.00043227156857028604,
      0.00043271746835671365,
      0.00043353415094316006,
      0.00043539784383028746,
      0.000440500007243827,
      0.0004408478271216154,
      0.000440883741248399,
      0.0004408839740790427,
      0.0004410134279169142,
      0.0004415281000547111,
      0.0004421023477334529,
      0.000442405667854473,
      0.0004430021799635142,
      0.0004452067369129509,
      0.00044945659465156496,
      0.00045028014574199915,
