{
  "mode": "slow",
  "descriptor_types": [
    "chemeleon"
  ],
  "n_compounds": 334,
  "n_actives": 110,
  "ratio_actives": 0.32934131736526945,
  "population_prior": 0.32934131736526945,
  "portfolio": [
    "lr",
    "xgb",
    "rf",
    "svc"
  ],
  "num_batches": {
    "chemeleon": 1
  },
  "decision_cutoff_raw": 0.29766294836997986,
  "decision_cutoff_proba": 0.24463516596918505,
  "decision_cutoff_rank": 0.6258004787682815,
  "oof_aucs": {
    "chemeleon": 0.9421266233766235
  },
  "proxy_aucs": {
    "chemeleon": 0.9407873376623378
  },
  "train_aucs": {
    "chemeleon": 1.0
  },
  "quality_aucs": {
    "chemeleon": 0.8842532467532469
  },
  "active_descriptors": {
    "chemeleon": true
  },
  "ad_hard_cutoffs": {
    "chemeleon": 0.05324999988079071
  },
  "rank_error_curves": {
    "chemeleon": [
      [
        0.00934167997390127,
        0.04260543750657084,
        0.09848745332840805,
        0.12178180291932261,
        0.1417248456619986,
        0.17357276647073555,
        0.20003747676400752,
        0.23891200458161974,
        0.27511803619191727,
        0.30367555220352893,
        0.3594670310177407,
        0.46097119951307486,
        0.5613943747168886,
        0.7339773411131674,
        0.843365492366911,
        0.8792730158412805,
        0.9281705514029147,
        0.9442566808582831,
        0.961556809467165,
        0.9865061623131746
      ],
      [
        0.07921650472498848,
        0.08236283125176314,
        0.08416391054744198,
        0.08651219819618333,
        0.08719697379845799,
        0.08866983533408132,
        0.08951215688689759,
        0.0918976960180955,
        0.09490474172158325,
        0.09777396876154183,
        0.10416075999374351,
        0.13493332617918263,
        0.2183080826040617,
        0.38119323944344985,
        0.20283914275146941,
        0.16354290508087765,
        0.15332100503375437,
        0.14922114834430059,
        0.1469246635920045,
        0.1442074014236578
      ]
    ]
  },
  "decision_cutoff_logit": -1.1274328742031001,
  "decision_cutoff_lift": 0.7428013221246165
}