{
  "mode": "slow",
  "descriptor_types": [
    "chemeleon"
  ],
  "n_compounds": 530,
  "n_actives": 53,
  "ratio_actives": 0.1,
  "population_prior": 0.1,
  "portfolio": [
    "lr",
    "xgb",
    "rf",
    "svc"
  ],
  "num_batches": {
    "chemeleon": 1
  },
  "decision_cutoff_raw": 0.3075899575689577,
  "decision_cutoff_proba": 0.135836539619081,
  "decision_cutoff_rank": 0.8482986767485823,
  "oof_aucs": {
    "chemeleon": 0.9876982714291365
  },
  "proxy_aucs": {
    "chemeleon": 0.9857798346584392
  },
  "train_aucs": {
    "chemeleon": 1.0
  },
  "quality_aucs": {
    "chemeleon": 0.9753965428582729
  },
  "active_descriptors": {
    "chemeleon": true
  },
  "ad_hard_cutoffs": {
    "chemeleon": 0.052250005304813385
  },
  "rank_error_curves": {
    "chemeleon": [
      [
        0.14569890003372285,
        0.15700030519894123,
        0.17366654199478246,
        0.18868876554321723,
        0.20573169418140613,
        0.22302790452819288,
        0.24897584317236343,
        0.27033140169132547,
        0.310719396148061,
        0.3398474849128636,
        0.37199070998358164,
        0.41337313766251005,
        0.4677634576015554,
        0.5119062696901642,
        0.5684004425010497,
        0.6537790094458446,
        0.7985393738757149,
        0.9192696851003833,
        0.9732704580105437,
        0.998918520372991
      ],
      [
        0.023603121549812516,
        0.024118285425319557,
        0.02438969132401109,
        0.024774223438811215,
        0.024948101992297994,
        0.025368847816160337,
        0.025349068472148135,
        0.025911374031593402,
        0.026439022529098938,
        0.026785655730818456,
        0.02694525894456087,
        0.028674532473580604,
        0.029631929500461177,
        0.03224593257997972,
        0.03363522628195611,
        0.035305315671049595,
        0.10364317292397993,
        0.3303010187740125,
        0.3397359330572055,
        0.29750222776918694
      ]
    ]
  },
  "decision_cutoff_logit": -1.8503096928736535,
  "decision_cutoff_lift": 1.3583653961908098
}