{
  "n_components": 45,
  "n_features_in": 2048,
  "n_cal_knots": 200,
  "cal_min": 2.942324161529541,
  "cal_max": 24.943838119506836,
  "scaler": "standard"
}